Name,Max. Freq. [MHz],Max. Flux Density [Jy],Max. Freq. Lower Uncertainty [MHz],Max. Freq. Upper Uncertainty [MHz],Max. Flux Density Lower Uncertainty [Jy],Max. Flux Density Upper Uncertainty [Jy]
HD 114082 b,19.06059049731184,0.0593071954604126,17.01105182732148,502.7313987796061,0.0409519409102905,0.1022970933568026
tau Boo b,47.77988232724134,0.0490728423067191,4.98826707064363,4.535110596550695,0.0210118601713344,0.0327420690504456
V1298 Tau c,24.32977428034006,0.0417313373569283,6.082745565660442,3.0459556278340045,0.0149887546746331,0.0235878639917147
HD 189733 b,11.856594934207816,0.0295831867684317,1.1197109643781928,1.1525012071574476,0.0119421913873383,0.0290998710096447
TOI-2109 b,76.02568689124604,0.02832475208241,7.938982089505828,7.293948914617673,0.0086902723999033,0.0172359720674395
GJ 674 b,13.74366315712718,0.0195645293900739,8.983522349079795,9.748767413255631,0.0121881788492781,0.0338216445536461
HS Psc b,13.841919230953696,0.0179120400430389,6.506884515020825,5.919717767860504,0.0097621501420027,0.0184342778850481
GJ 876 d,27.380644966279597,0.0118304603005701,17.847461621255448,16.386667648488245,0.0061315593082746,0.0140977123466608
OGLE-TR-56 b,10.225152845013977,0.0093934543898526,2.752771560273132,3.5792464481555086,0.0029636534900777,0.0050413399121177
LTT 9779 b,23.709491577603387,0.0060894250537353,6.051033636005759,8.452535551809163,0.0026533919766839,0.0060875283598254
HD 86081 b,17.561158327414784,0.0052654928463046,7.867448458270644,9.313092402952304,0.0028474070594358,0.0059510862269073
WASP-140 b,16.38182546991161,0.0045494738936246,7.42397509498182,10.989015490777458,0.0021580652359985,0.003753925591478
WASP-95 b,11.898925759156665,0.0038182109181658,3.579597485011485,4.720072128019417,0.0016764646523266,0.0031960907380481
WASP-77 A b,21.33162560481344,0.0035553170009681,1.8562175148076283,2.087983079465843,0.0012376937726636,0.002930956227835
TOI-1860 b,89.0383056093597,0.0027428873772373,9.610252807463354,8.430726229200758,0.0004714634478578,0.0005713166321547
KELT-16 b,33.19952293411248,0.0025895204610855,5.715956031338202,6.6621808030192256,0.0005209387973326,0.000654507083487
WASP-43 b,74.42782326839225,0.0025743831397033,10.283243048573397,9.00546317852752,0.0011685901169778,0.0034024367532001
TrES-3 b,19.3235175347309,0.002264740952812,2.561706832565637,3.076527354585327,0.0009102828168856,0.0022651827449502
WASP-135 b,21.382825670777947,0.0022206509706943,4.4561232847149554,5.937523890042133,0.0008680570385548,0.0015739119807002
GJ 436 b,15.288653336992624,0.0020748800881504,4.350297293964216,6.109574170072438,0.0008297680736882,0.0021461868573482
DMPP-4 b,11.38182682578701,0.0020247703307897,7.600647409333325,13.991847703175996,0.0010363284545223,0.002252588811349
TOI-1685 b,81.07708498899652,0.001910575674379,25.56957844183428,14.246979880698888,0.0006333408043819,0.0014877959338699
HD 149143 b,10.276361407429633,0.0017753714329895,4.484020896458614,7.374914202209206,0.0008990761155613,0.0016706751659085
WASP-72 b,17.512245206913846,0.001773411795051,8.672865044520517,8.856903147353258,0.0009752885725296,0.0018026094607408
GJ 887 b,22.4980419212781,0.0014859489438297,9.492607071711657,3.061049031342648,0.000786049360624,0.0027722522195705
HAT-P-23 b,20.924668654178262,0.0014169418746166,4.244164250067861,5.436699827089406,0.0004084602703423,0.0005816474175731
GJ 536 b,20.363180718652504,0.0014048107348365,11.083522517509849,3.396333832669285,0.0007829092219977,0.0020924391544443
WASP-64 b,10.798262772938168,0.0012482844809506,1.2795631395036988,1.441125682016244,0.0003986813978703,0.0007815493872073
WASP-104 b,16.339840661147253,0.0010289525669552,1.776984692825275,1.9647188669819824,0.0003492084602646,0.0007779844872133
WASP-97 b,17.10867413719386,0.0009852847466002,3.853692089138395,4.7675039086866455,0.0003449855981104,0.0005937442326084
HAT-P-14 b,21.148781445883152,0.0009494524598285,5.3965060973419465,2.4508955620002126,0.0003899511556489,0.0005582128175267
WASP-73 b,18.54382992689795,0.0008735016967844,9.10559596887636,6.561082866626695,0.0005240382400747,0.0011137790555673
GJ 806 b,85.10966487446876,0.0008483658880717,4.556773228612542,4.190041594359741,0.0003004210252511,0.0008267063143186
HAT-P-56 b,10.01256401371624,0.000787252481016,2.9298093346314964,3.975538003094997,0.0002837970369269,0.0003983875953399
HATS-18 b,26.839066565912063,0.0007407720302114,4.913089921779186,5.985104890461304,0.0002785278627121,0.0005897707911011
WASP-173 A b,55.89303574268763,0.0007347097841371,3.7776532959269815,3.5837900670416545,0.0002324574407257,0.0004607725692188
HD 134060 b,16.15560560693637,0.0007214765099161,10.64242229230957,12.756197318921512,0.0003762375825401,0.0008400319878331
HAT-P-36 b,22.648217056169752,0.0006683437625341,1.8184730290839008,1.9902963066521655,0.0001728605064441,0.0002959449760951
Kepler-76 b,18.130272927355456,0.0006591436655803,6.524453461814408,9.412949523610433,0.0002844663000939,0.0005399076022586
HATS-24 b,21.0537087598008,0.000614574116744,3.3817009861779823,3.9672353884429583,0.0002123978348812,0.000436537564446
TOI-778 b,17.77676437631551,0.000611186089471,2.461318797173977,2.623816131946008,0.0001458984252915,0.0001918514495185
WASP-145 A b,21.18565244809224,0.0005971824233603,15.541353312252935,23.471794695912763,0.0004533853569524,0.0016613712680316
HD 155918 b,32.4231075343142,0.0005726809099644,21.36798269645314,11.498918495893117,0.000271568253427,0.0006269593236442
GJ 1214 b,30.123052208117656,0.0005701788231294,3.5305864865605123,3.936513842648431,9.238349545996284e-05,0.0001391727910989
HAT-P-22 b,31.00670557431355,0.0005439164327754,7.723140148673576,2.5879149463225914,0.0002084235288968,0.0003464444516388
HD 285968 b,12.090285213189524,0.0005436222599234,8.323699114920087,7.196420199661404,0.0002781538388518,0.0006923573194902
WASP-114 b,15.609860210293643,0.0005360570188309,2.34193751169399,2.8346047314544744,0.0001476477327072,0.0002319387026653
HD 118203 b,21.244354693097637,0.0005270693738452,0.8674986897942709,0.7187144167614328,8.267655440137616e-05,9.7524452555352e-05
YZ Cet c,50.746410531055375,0.0005199697915873,8.541731544524183,5.649235529901347,0.0001942106145769,0.0002864302958379
NGTS-10 b,46.296639358627054,0.0005189432560311,10.822227810789457,9.800447081844084,0.000183595219953,0.0002958683148768
61 Vir b,30.2152927176084,0.0005088243238409,15.888581727640762,4.766704539305078,0.0002172780967035,0.0004899600712082
Qatar-4 b,65.86091322903191,0.0004982139856799,8.659791745432713,9.938160722985955,0.0001529708409892,0.0002242809433581
GJ 581 c,16.462191320950232,0.000494132843302,9.039994132491548,2.7884790414127174,0.000197055700593,0.0004718265774954
HD 219134 b,55.93787847951488,0.0004869740504005,3.277921863930665,3.0467570645027706,9.80547148904328e-05,0.0001226988841087
LHS 3154 b,10.255938121371951,0.0004803696188919,6.704773961952582,13.425951426817626,0.00028149251701,0.0006927610593301
YZ Cet d,41.33382990575704,0.0004797610129282,7.564231159227326,4.521953910708454,0.0001783497206616,0.0002654504434505
L 98-59 d,21.19450295967195,0.0004705512208355,8.71360963905648,5.476058527759204,0.0001850403469345,0.0003875771840396
HAT-P-16 b,36.49529450248706,0.0004646927240443,2.7429677608304743,2.5711298879222326,0.0001103830494112,0.000147717964137
KELT-24 b,29.328744658105343,0.0004599063849628,0.9048183052891368,0.873781152949924,0.0001457466688618,0.0003759430620731
YZ Cet b,59.62734628863787,0.0004283542890335,15.862475015941598,7.021004341807853,0.0001590351591907,0.0002751886806646
Ross 128 b,28.91748995129229,0.0004258874015201,4.580858403534442,3.1464217799807805,0.000163120057151,0.0002464957885994
CoRoT-18 b,41.17930022124417,0.0004172053880666,10.24221172668224,7.601657608281862,0.0002471525430483,0.0004925455849311
CD Cet b,46.68638659779356,0.0004137729989451,17.275716523861288,5.953928439836666,0.0002031899945657,0.0006160639107545
HD 68988 b,16.48991546744896,0.0003907436390695,6.138885975935802,3.0432778278547907,0.0001547718339426,0.0002882693947603
K2-100 b,29.39209460740552,0.0003709038001609,15.698276313423635,14.42993556686436,0.0001005855018588,0.0001543254079876
GJ 1061 b,50.97767757555534,0.0003508711596335,7.829418025538942,5.327034436818508,0.0001328362790016,0.0001786142063291
WASP-2 b,10.460886136132029,0.0003507545666588,1.3619875370613652,1.6146305573252508,0.0001296340117869,0.0002992149661
L 98-59 c,47.28660141193833,0.0003504233918774,5.380502684419191,4.978833618152919,0.0001296307541238,0.0002485661506812
GJ 1061 c,35.82727654894509,0.0003421962514414,5.114007256905801,3.840817002382863,0.0001261249687794,0.0001764724638905
TOI-2152 A b,26.445907166315465,0.0003307097544087,3.73821292669226,2.8481267478632795,8.568747730412199e-05,0.0001037050885964
L 98-59 e,22.358810008132643,0.0003303089392001,4.733576031709994,2.537129361572177,0.0001597210165035,0.0003389842544852
HIP 14810 b,26.44412785031296,0.0003227811807247,2.972772030859108,2.639276597234528,0.0001409146169369,0.0002594492207388
HD 3167 b,94.37457236774615,0.0003216777767936,11.494045177082782,9.877377230107584,0.0001154958400949,0.0002776339515456
LP 791-18 c,24.045904803079587,0.0003208773864734,6.899093618365328,5.343045542867873,0.0001444239046808,0.0003140762297485
HD 7924 b,23.199283262629983,0.0003111202547116,13.96179755643498,4.986909578938274,0.0001651375780524,0.0004037125787929
HD 63433 c,29.882011070224785,0.0002805554162795,27.9965932975644,2183.4734221708086,0.0002142841538923,0.0004589707728701
GJ 1061 d,25.5673455722519,0.0002752677880728,3.6123671465067098,2.7165298077973645,0.0001033434007769,0.0001386803994508
WASP-5 b,31.751271219942776,0.0002632771023325,6.423938623296586,6.791174112563123,0.0001146232398425,0.0002852622145647
Teegarden's Star b,40.47210032863965,0.0002534358984374,6.993789116552506,4.445079484588497,0.0001005744250262,0.0001586627763731
WASP-120 b,29.057631575399093,0.0002503277530919,3.01121267918127,2.6783095852394823,5.725591173199229e-05,6.888278304090261e-05
GJ 514 b,15.67494635530226,0.0002468160831591,15.171728493252584,1867.618115147983,0.0002031117234113,0.0006074263533746
HD 73583 b,19.61708332575771,0.0002405994598153,10.653535766441996,6.985790950702018,0.0001247659785421,0.0003547007462789
HD 63433 b,24.198803436088603,0.0002384089996584,5.650244575298974,2.8704079189266203,0.0001089957095583,0.0002533865460332
GJ 3634 b,17.2599634634244,0.0002356602758593,12.79486811493133,17.36938802001277,0.0001204439028724,0.0002798362349117
HATS-2 b,18.12921880278712,0.0002307202282541,2.967247403906484,3.5302209724536238,5.973368285667484e-05,9.244986886039536e-05
HD 207496 b,23.05747442374284,0.000228491993188,10.5187329005691,6.41686223233749,0.0001219920616832,0.0004602863219352
GJ 581 e,52.37809533972057,0.0002206071852703,7.471029298994537,5.433381556294435,8.355218042428985e-05,0.0001256218875739
TOI-2076 c,25.181015019659377,0.0002199911222338,22.89883249904717,1030.329322997247,0.0001601727880213,0.0003290073140619
TOI-1107 b,26.57085153699445,0.0002172580988839,1.647229547504864,1.5509975343846634,4.793073115363385e-05,6.061511884993139e-05
Teegarden's Star c,26.193108948209,0.000198869131678,4.919097824649384,3.0091022853012,7.973761062123656e-05,0.0001274398307853
K2-34 b,13.518316529348493,0.0001962948464057,1.9692732350107944,2.2785992976901763,4.520378180095764e-05,6.031203402653043e-05
Kepler-17 b,30.88624862055861,0.0001937571566321,2.431561925211934,2.6331649787260325,9.7932221646182e-05,0.0001912581558373
Qatar-9 b,26.26970973675904,0.0001887503663021,4.794772104104741,5.291114018318883,6.437996824332345e-05,0.0001598337377512
WASP-164 b,40.59083633153007,0.000181591458988,2.856780895685411,2.304733142728395,6.181641282477971e-05,0.0001297248476714
WASP-38 b,23.75511665067362,0.0001753265036962,0.6717140298426614,0.6608429992491054,3.97754744780177e-05,4.904771928078254e-05
HD 217786 c,29.621294950622868,0.0001752415441483,18.997124557528377,8.891921043074234,8.16525531277831e-05,0.000195883498019
HAT-P-20 b,85.61752879703201,0.000169849130893,4.819167792249516,4.441729434942488,5.9073777353829264e-05,0.0001477655793655
TOI-2076 b,16.202183858906015,0.0001638830846988,6.2285479764993,3.2522198343106083,8.001945888277407e-05,0.0001926657447422
HD 40307 b,33.62562986821641,0.000162236957394,13.777411269537993,4.599921555594719,6.526259761503374e-05,0.0001341353119567
HD 162020 b,39.96943874119043,0.0001598928519117,4.167552336047677,3.839123902776805,9.360716967114184e-05,0.0002831838476893
GJ 9827 b,99.65520490059578,0.0001582499898088,9.579855081699662,8.993724065113483,6.144947558422366e-05,0.0001641870044515
GJ 806 c,22.074890210014598,0.0001575827135934,12.741901071290322,4.232772904300202,8.254268806123438e-05,0.0002473633866768
XO-3 b,62.18055104096942,0.0001574739870608,3.4541235628951696,3.3559977552337585,5.616861579712401e-05,7.76796012426162e-05
WASP-71 b,11.589104386351842,0.0001560244185253,4.264138233266129,6.512799933621668,7.890735213590966e-05,0.0001358573376198
HAT-P-2 b,44.50893862864305,0.0001552826958473,3.5005385809284206,3.210639474055313,3.043462358721201e-05,3.902957111404125e-05
K2-25 b,37.43590303103768,0.0001548989766339,5.348562769315734,3.888212198494124,5.680027849165423e-05,0.0001069056489762
TOI-1416 b,79.54723185421658,0.0001519310615807,9.380031077434252,7.966432510444648,2.890149155234664e-05,3.595181244336055e-05
HD 7924 d,21.65322562044212,0.0001508669173027,20.470836062350543,1838.5965629042269,0.0001199991743125,0.0003120173244985
TOI-2076 d,25.59548687900897,0.0001488044278445,23.91400103846733,1100.027186112981,0.0001096898721447,0.000237804639975
LP 791-18 b,98.13772699448025,0.0001464489276412,10.767803589923616,9.414114962966863,3.454359042609126e-05,5.6503101553085234e-05
TOI-824 b,66.21924967581856,0.0001398232754074,7.708351928577294,6.9798071548543845,3.933039547454944e-05,6.446146389158024e-05
HD 40307 c,16.699491017340137,0.0001354853643196,10.582653510083524,3.927217293896394,5.792423184426358e-05,0.0001418302772357
Teegarden's Star d,16.713381752068273,0.0001331720598526,4.814586715849648,2.043686482446841,5.459153543251142e-05,9.136562148838717e-05
pi Men c,13.344754447577971,0.0001299792035365,3.300133753554608,4.034069400344549,3.037288605554866e-05,4.1863525434914845e-05
HD 40307 d,11.1994260722526,0.0001290774954778,10.7265645948249,806.346583792322,0.0001002731079793,0.0002735445710859
GJ 411 b,23.356867609002165,0.0001289430508105,3.978382763453787,2.564234323059363,6.212537508273731e-05,0.000143678388151
WASP-46 b,32.812915830081444,0.0001254883262059,4.090054319821526,4.593933192031173,4.136415551672159e-05,8.787034647737447e-05
HD 18599 b,52.68089883199335,0.0001248430234278,9.94922761921702,8.008399148978299,6.100992082483853e-05,0.0001531588799415
TOI-969 b,31.427349341204252,0.000124673397731,8.859060939492824,10.401424502874876,2.091311797355315e-05,2.6855308704759946e-05
Qatar-5 b,45.67285301922448,0.0001226965898301,5.004501114135984,6.339613122196191,2.496661141581971e-05,3.28160221862293e-05
WASP-59 b,21.09311668728096,0.0001173648468563,5.120411559456883,3.1052730344372748,6.410247620342754e-05,0.0003333223358924
HD 260655 b,58.50498712198955,0.0001155958833533,4.959565822665688,4.54626844438824,3.6742142674730464e-05,9.260188482596292e-05
TOI-540 b,77.46099550684693,0.0001133595714738,10.765879483388176,8.109657377631805,4.610683779527076e-05,0.0001365836403736
HD 110082 b,13.862088513609397,0.0001107024721437,10.552144793670417,661.6809014050486,7.748912848446955e-05,0.0001521801087135
WASP-65 b,23.27201512505691,0.0001105705827533,4.361044469456175,5.471555890192128,3.435398851919176e-05,5.168907113958645e-05
TOI-4201 b,27.360617327556294,0.0001080665852999,1.9969447493545616,1.6310315046272237,2.7244988438444075e-05,6.259749290683054e-05
HD 219134 c,39.61074763178025,0.0001051394794642,2.261335184233573,2.0862583048607206,2.35931056587344e-05,2.787249355353872e-05
WASP-8 b,21.48398527319141,0.0001018517162452,1.295373365350553,1.174787053691773,2.085328158536147e-05,2.9203359707062396e-05
CoRoT-11 b,13.334544066356452,9.944999371414804e-05,2.7517893826362947,2.999443671626741,4.133284523880872e-05,8.152749304040417e-05
HD 260655 c,35.343517317426425,9.375021144049646e-05,3.675701018286581,3.100349521783756,3.098050380900061e-05,7.883008167798523e-05
HD 20794 b,25.401345509394982,8.708052085957453e-05,24.73656555148972,3683.3852735037954,7.163968385647166e-05,0.0002201157440379
HD 73583 c,39.4604064748112,8.529735588281082e-05,37.30709636343536,3264.814632574832,6.759715897594457e-05,0.000172011275956
WASP-99 b,27.207866731432883,8.184880321080273e-05,2.09041595603372,1.8971511450086744,2.6797598782161083e-05,3.3835729837021416e-05
tau Cet g,24.39189719664711,7.845650169384801e-05,23.905414791065468,3854.400422028267,6.492203828055016e-05,0.0002470723727339
HD 1461 b,22.03200848604057,7.658819551009758e-05,13.6040513337199,4.86348130965651,3.3788297719373544e-05,8.023727120987518e-05
HAT-P-11 b,12.872639692921002,7.634491874017422e-05,2.677557750429443,3.341141154562507,2.791174662518932e-05,6.738265046089774e-05
WASP-10 b,45.243975077864825,7.216541629871509e-05,1.500368820901322,1.4279694044779276,3.2584980138925864e-05,7.671151353880595e-05
HAT-P-54 b,10.036244002347717,6.967024112340656e-05,1.0689746762119032,1.2091350889287629,2.3840826802697537e-05,6.128684189346141e-05
DMPP-1 d,45.04234576818348,6.779133845544618e-05,11.21993895202894,5.277266491662736,2.5285403397114296e-05,4.30487692002426e-05
Qatar-3 b,49.38395213906927,6.67453327886687e-05,8.895848606881096,9.255485185014976,2.3733771532042465e-05,3.482400026689416e-05
TOI-2196 b,65.00164625345322,6.586151363518599e-05,4.741678594401783,4.49155860966988,1.9640814683638383e-05,4.0220325781710966e-05
TOI-700 c,12.038434492250309,6.486817985720518e-05,5.110485907169574,3.109755288265257,2.0366967759308865e-05,3.749181985607105e-05
HD 63433 d,44.81849224276901,6.255878413967238e-05,5.116919503693325,4.282527462123568,2.990160210766765e-05,6.641734945518035e-05
HATS-4 b,23.874462582293383,6.199129699973805e-05,2.7869119077182525,3.19301768037845,1.954031493675297e-05,3.710168878549336e-05
HD 93963 A c,35.35198978198836,6.075978038254982e-05,6.058284934427455,3.858901148794523,1.117615876095776e-05,1.5410028449424948e-05
GJ 1132 b,76.83234785666119,5.9829518013509785e-05,8.527296367931584,7.45963386629262,1.2011084199377482e-05,1.6752405785410405e-05
NGTS-21 b,26.430101544123765,5.691233789755813e-05,3.707857933169798,4.121470316431342,1.9841810005101765e-05,4.422404865470024e-05
TOI-4603 b,54.55048495761784,5.6904739410658e-05,3.2828069081320663,3.021324208266193,1.0928857803044072e-05,1.0562860888924951e-05
LP 791-18 d,46.63165721650497,5.533740842852555e-05,23.40764752475345,6.818471775986126,2.431148915681072e-05,5.300681487170915e-05
GJ 163 c,10.544305690408606,5.284458550476645e-05,10.10737944884268,1099.3313147907295,4.2645343788612645e-05,0.0001346131426565
GJ 3929 c,14.86424032575506,5.260529979194277e-05,8.830086638096988,2.622984733414791,2.7939609338485083e-05,8.100587561919929e-05
WASP-186 b,34.050324188493974,5.239227654207309e-05,1.7256290044548308,1.720565175224479,8.123732960736332e-06,9.54639534865638e-06
GJ 1132 c,28.451778583743994,5.2380781506713005e-05,4.988257108674244,3.1361098040793323,2.038813154230485e-05,3.206793061539787e-05
WASP-192 b,25.98894794507217,5.203238934949506e-05,5.41789525103551,5.1359280036850485,1.5823230832555226e-05,2.415817427867288e-05
TOI-2134 b,17.192952999398763,5.165566820073092e-05,5.472583488045597,4.065791954578124,2.137645973525023e-05,6.487473193169795e-05
HD 20794 c,21.056036564855784,5.061114854183443e-05,20.591634894619887,3715.5554939140256,4.221119835189628e-05,0.0001411426304934
TOI-2266 b,53.99517442209591,4.922228706214223e-05,6.35167204951798,5.33577993443636,2.360157911416333e-05,5.786255439629888e-05
WASP-89 b,56.4545019665712,4.873422806168146e-05,1.7974861443364176,1.7681673223150582,1.4175136756203854e-05,2.390140099045395e-05
Kepler-21 b,71.38609018967979,4.855907044060858e-05,6.41720208475013,5.814071179058516,5.3356447150851e-06,5.691616102626182e-06
GJ 143 b,13.621290147369956,4.851668024160718e-05,13.192319994707928,1381.6919758597282,3.9301537907829575e-05,0.0001190020046448
tau Cet h,19.200322645975987,4.727920129932077e-05,18.88965980323197,3753.494567514791,3.948967903285511e-05,0.0001569521708389
TOI-132 b,47.014214051143576,4.721198183211449e-05,3.739154598302456,3.403881443051546,1.5952759472117932e-05,2.571983548191952e-05
TOI-1470 b,47.81769442663439,4.671995401932924e-05,5.08256821797589,4.401445802519419,1.2949301921059875e-05,2.9409628478295484e-05
HD 96700 b,12.625826855608883,4.6607158267001605e-05,8.247091951239497,6.898568956879416,2.068269819747937e-05,4.988826174897874e-05
LTT 3780 c,19.785483642759264,4.5473239590869154e-05,2.1278015704006386,1.6010340675482588,1.849507760730175e-05,6.42804416168504e-05
TOI-4010 b,33.30529470451379,4.448069010795165e-05,9.278410976951474,11.44797094461839,1.449482231454366e-05,3.019823568411616e-05
OGLE-TR-132 b,11.374429239512615,4.353521259943119e-05,3.902296817661284,5.983521583512779,2.02126399506376e-05,3.876114715789917e-05
HD 235088 b,24.45750803736675,3.913324779606295e-05,4.834011039807574,2.7695104686341807,1.6619257292778345e-05,3.4011330253418854e-05
HD 86226 c,38.7069616165124,3.79679822665294e-05,4.382336020577327,3.729497640836172,1.222091701143986e-05,2.4425335307512303e-05
TOI-1130 b,25.867860000198945,3.766159314818109e-05,5.636803956936973,3.956686632584315,7.319871057956056e-06,9.783088705946328e-06
K2-36 b,92.19426009623945,3.6628564339409e-05,20.1637989704178,15.679282169213296,8.326695842869688e-06,1.2961818419633774e-05
LHS 1140 c,45.43310241569101,3.627064794636552e-05,1.8059462012693717,1.69996368359552,5.71390518820366e-06,7.724968390124596e-06
TOI-238 b,90.15221975618604,3.585238263039989e-05,11.273186635734646,10.014856565654696,1.4121841081433873e-05,3.836609337629728e-05
HD 40307 f,10.164394219653833,3.577462772963428e-05,9.837061651026156,1381.3479610555628,2.905308324616002e-05,8.841171730597806e-05
WASP-141 b,29.90076530978804,3.550272259293233e-05,3.216346943839884,2.689392828793906,8.326152517486533e-06,1.1277796185805687e-05
TOI-150.01,20.192806177269805,3.547423269574914e-05,1.5488361061628382,1.1002263685353562,4.173335908237534e-06,4.690738914020951e-06
LHS 1140 b,19.088662206024733,3.520589678579484e-05,0.4895423639373568,0.4828178533849545,5.607206690186168e-06,7.489755503779162e-06
TOI-1288 b,14.139136701804896,3.406535027135889e-05,3.713781415523526,4.073264444251414,7.084706155433012e-06,9.654958837655412e-06
WASP-45 b,16.793696358673934,3.276770410522833e-05,3.037342614497268,3.823276083510173,9.493172437234183e-06,1.3989789509991168e-05
HD 176986 b,22.49096580086063,3.272217747766492e-05,13.115565282990556,4.24755695931632,1.6761104087260208e-05,4.987893129154548e-05
HD 97658 b,27.79386850795792,3.243537790230095e-05,2.046959815097676,1.968023836931568,9.678857058300989e-06,2.681156117324991e-05
WASP-158 b,35.7708390884565,3.2149584217272487e-05,5.479119703631696,4.68300603097039,1.3348728140723951e-05,2.1672817528077216e-05
DMPP-1 c,12.205645363054895,3.206513249487964e-05,8.016273083745059,8.678464522434588,1.5386713115220542e-05,3.469242817806825e-05
OGLE-TR-113 b,21.257028011533283,3.163148141156451e-05,4.291459766755686,5.237296299498862,1.529510452562464e-05,2.400302475712857e-05
CoRoT-21 b,20.059289274440196,3.120755445154154e-05,6.851112389140619,7.84409378599484,1.1454198184610232e-05,1.7579472893936143e-05
HAT-P-21 b,41.01621501909602,3.103088050799457e-05,6.4359720567426,5.345450956659981,1.747371083447799e-05,3.0723503586877064e-05
HD 134606 e,43.09666890572652,3.004659525420628e-05,6.542602997214438,4.556373196702872,1.3068965679267698e-05,2.487108317031482e-05
HD 125595 b,17.015460142704413,2.910956592337208e-05,12.740793398390489,3.92356163789201,1.636321059149142e-05,5.899015785166013e-05
HD 156668 b,31.894735767771184,2.601700740521127e-05,13.76911292276565,4.369267089233095,1.2008226543616708e-05,2.908891229943566e-05
TOI-836 c,21.881163344727263,2.4337621801808367e-05,8.553172696767438,2.650526604688725,1.028342370710164e-05,3.114248178046097e-05
TOI-836 b,44.723434319232176,2.4221504750424567e-05,2.011454916971573,1.848830344134285,9.341130964204236e-06,2.432303485802981e-05
HD 110113 b,34.66111664716732,2.3905852332333376e-05,12.401226717285317,8.6268957370931,5.497778206485552e-06,8.148089329667521e-06
TOI-122 b,19.251767677910493,2.373026660735232e-05,8.809557623452742,6.575301087856772,6.949367522547407e-06,1.2446274964991305e-05
Kepler-43 b,57.51894635807158,2.2555880954657012e-05,22.841266947872622,19.7821678253952,8.257509794459721e-06,1.3759124310565908e-05
HIP 57274 b,18.430298828762787,2.240171959298832e-05,13.886790374559965,4.444543537773004,1.2220331303738477e-05,3.544494582935612e-05
HD 215497 b,26.580370576501984,2.2272683223170733e-05,19.90182795519598,6.326730224105702,1.13646160825512e-05,2.7006448248550567e-05
HD 85512 b,12.774377061977628,2.2240896437603453e-05,12.453180884658826,1874.3776228608003,1.84121404988204e-05,5.9323259802898495e-05
GJ 3929 b,64.8649748741654,2.1683609744834876e-05,9.76285654190179,8.43961594137133,7.799512013798036e-06,1.941675476502816e-05
K2-233 d,36.03768841417589,2.0724387375007197e-05,34.12128555482846,2857.037962487471,1.654524301791635e-05,6.012918444605529e-05
Kepler-411 e,21.899341394187584,2.0315692698151112e-05,20.169622599736734,928.0515262318952,1.5343582436863162e-05,3.5595192565199016e-05
HD 181433 b,17.725555078103746,2.0057082729454365e-05,10.618733261862438,3.635152921220701,8.574275603571277e-06,2.094599670519159e-05
GJ 9827 d,13.300677319916607,1.964115725132094e-05,6.415237083311306,9.331885477257432,8.310019863612088e-06,2.161620612064179e-05
TOI-2136 b,21.206671349104173,1.944714002411005e-05,12.234179793622662,9.403466409062505,5.8884958932436455e-06,1.05287271430295e-05
HD 137496 b,99.37250139923404,1.9164173401375725e-05,9.831787766694076,8.998533075382866,3.1488946589715548e-06,3.608556923472424e-06
TOI-262 b,26.03408738873736,1.854744251466088e-05,24.75525662332747,2199.760841319174,1.459253806410326e-05,3.540066935485734e-05
WASP-129 b,14.526656218661518,1.846077249657044e-05,2.54132614812594,3.1364190016330333,5.726082248460422e-06,2.630062995984542e-05
HATS-16 b,30.99143509530704,1.785148574659292e-05,7.83441424792256,6.538392581749704,6.208221175041029e-06,9.387601716309567e-06
TOI-712 b,21.57000838529756,1.716723497262023e-05,4.260924863946407,2.4533593617636384,7.035957438596724e-06,1.6442496417457372e-05
TOI-1470 c,24.68694681677236,1.6754713273725175e-05,23.302796201092733,2004.060785189195,1.3058968853905113e-05,3.147564457289947e-05
EPIC 246851721 b,27.250890118273556,1.630031221058026e-05,7.887446812531266,5.4100676829790615,2.4310420108141603e-06,3.3284361690160347e-06
HD 183579 b,11.121644326330978,1.597320612767369e-05,10.501757177901576,810.3241864131512,1.24327831981777e-05,2.728903318788855e-05
Kepler-411 d,19.55632703418713,1.55755281884842e-05,18.27838015791136,1302.5296404660116,1.1830539524408074e-05,2.315383304673749e-05
NGTS-9 b,31.77340672549346,1.5427828226559773e-05,2.9189999952890204,2.647265000925536,4.728241026983668e-06,7.001521327899798e-06
HD 136352 b,27.219587478330467,1.53648240712188e-05,1.9398908964331767,1.777420956789964,3.992723057519144e-06,4.789355483905334e-06
HD 207897 b,13.120342971934717,1.4670612463625944e-05,12.668445020850124,1272.7021086716554,1.1789725482875098e-05,3.334030944597777e-05
rho CrB e,17.88793606616781,1.4431829130947874e-05,17.419086922788793,2055.145299611838,1.1719490926709945e-05,3.641105460785608e-05
HD 39194 b,29.614196336675697,1.4276608253551867e-05,10.961799546946049,3.892685180694933,6.0110950825714335e-06,1.1918898407303192e-05
DMPP-1 e,29.388294619647056,1.4020486348187856e-05,13.135825819398423,4.024372914525635,5.411048991626075e-06,1.1310326492302735e-05
TOI-481 b,16.959165848343886,1.3936286429859596e-05,1.8442830988161292,1.67528813036456,1.3714123428161156e-06,1.5753523965605434e-06
TOI-244 b,28.43777090191851,1.3616262910824425e-05,5.491275481178459,4.127165776436339,5.206485359826158e-06,1.169761805079539e-05
TOI-712 c,14.533942470650308,1.3468739702398984e-05,13.82511909489144,1102.494395494504,1.0502115865045506e-05,2.460504096703689e-05
WASP-171 b,16.411651578095388,1.2992979716234904e-05,3.2758460776227416,4.1262946830076,3.2150326392909038e-06,4.153026484585262e-06
TOI-559 b,35.411798629090235,1.2443063547675644e-05,1.3712729053947823,1.337422502095997,2.5594775412237907e-06,3.593852270361895e-06
Kepler-411 b,72.36278007857246,1.2388631310570188e-05,4.6840911556704015,4.430343452978747,5.978280593771004e-06,1.730599939730722e-05
TOI-1235 b,56.59518388973784,1.2168068001118363e-05,4.698282615583551,4.50609054897204,4.4392546914441714e-06,1.1498205788754658e-05
CoRoT-14 b,85.76083030497222,1.2150132189372455e-05,8.940512786403517,8.365985355927279,5.503403403808943e-06,1.4290082275503309e-05
TOI-776 b,22.776351324952355,1.157575982896116e-05,8.660034185128584,4.630968350009905,4.8787639609975375e-06,1.1699213285911664e-05
HD 93385 b,25.24682907080024,1.151938754885789e-05,10.255232127526808,3.412564399128712,4.4769925655774415e-06,1.0103621604526178e-05
HD 110067 b,19.336292914144416,1.1314294658834184e-05,10.33449947108818,3.909528036272224,3.9370052463863685e-06,8.135399708289912e-06
TOI-908 b,34.49793664029223,1.0792769612030523e-05,14.149637732126813,2.932032512698484,2.7548624463921034e-06,4.6483711429779164e-06
TOI-1062 c,10.574369558237002,1.0764216860796004e-05,7.087824877205871,8.415368451354357,5.75670908481496e-06,1.3099427791436602e-05
HD 93385 c,14.797218567365173,1.0655888064407216e-05,14.073976625882889,1182.544696687058,8.446114380164833e-06,2.2775614461140523e-05
CoRoT-7 c,14.545529379789144,1.0542316852641552e-05,9.566081537557672,14.52234775019868,6.680692498174104e-06,2.1706826771903223e-05
HIP 116454 b,23.29942653244117,1.052726977860702e-05,4.058168826544332,3.0706986801981597,2.7074885501498893e-06,4.894447886729494e-06
TOI-776 c,16.527054776459337,1.0444597630116688e-05,13.421946249935033,50.79163280925876,6.032553799821084e-06,1.6316488799388353e-05
TOI-1260 b,39.299074855433126,1.023653228576962e-05,6.410119637685419,4.283642238122994,3.734613205253933e-06,9.864465243638242e-06
HD 164922 d,16.321911383975227,9.862466925922134e-06,15.83646221441994,1980.6178846463235,8.04197283091415e-06,2.415885688982807e-05
WASP-150 b,48.07144328678666,9.705404645113362e-06,1.8732572340824305,1.7729842938544422,1.1122193200573754e-06,1.237499844355102e-06
TOI-1696 b,75.92403628130322,9.693401726723823e-06,7.92300122515249,7.306821137704304,3.534035343806246e-06,8.854344038161814e-06
K2-9 b,13.303482857801654,9.68153110407604e-06,10.428082718573464,3.330507162928225,6.6147125863759565e-06,1.959485668746709e-05
HD 15337 b,54.60176070684163,9.117136706580918e-06,5.072517952437707,4.785248588326688,1.4755819618757965e-06,1.7467848187987806e-06
Kepler-210 b,22.80417296038705,9.089545406390031e-06,10.82050576152085,11.494403623408733,4.942380209333487e-06,1.417210775549484e-05
HAT-P-15 b,16.250221482809945,8.930233961015626e-06,2.050832277759202,1.174641118041258,2.2922637352962365e-06,3.3124017377173536e-06
TOI-2096 c,27.6989416803903,8.906461164007319e-06,4.572622182841027,3.073397912706465,1.7086873143475933e-06,2.6936094784694598e-06
TOI-1062 b,42.37503232070611,8.63393719795428e-06,3.698879219574799,3.409563774880532,5.497090711601588e-06,6.699622257539444e-05
TOI-178 b,63.32654529498674,8.607043863320918e-06,16.925065094685486,11.227885975743646,3.4705303938051943e-06,9.596999070571636e-06
GJ 9827 c,54.66211701330433,8.447780227791147e-06,7.897472749443345,6.680564615766755,3.025002707594969e-06,7.913893875462124e-06
LHS 1678 d,39.94106065253323,8.28020249898458e-06,5.015350666533806,3.988821418081585,2.5716854093133685e-06,4.114514520862285e-06
TOI-198 b,27.0198492656404,8.278390955303046e-06,20.004836413049247,106.57974473575186,4.051918554289683e-06,5.069083224371639e-06
HATS-36 b,27.877574751841408,7.971691103009105e-06,1.3588998352785495,1.2810390991428058,1.845861114016727e-06,6.304937090676104e-06
HATS-12 b,23.35407485818287,7.858449028453925e-06,1.5081509516876288,1.4003853325882467,1.5911489404082792e-06,1.9715211467415214e-06
LHS 1678 c,66.09401236485866,7.817629047599617e-06,6.8402546627105,6.468243699603747,2.2901974042944456e-06,3.5874564390096503e-06
HD 21749 c,79.18697768053737,7.766346245543223e-06,8.376732419848267,7.609174401171472,3.007438968388385e-06,8.827688665167561e-06
TOI-700 b,27.48015495940466,7.712757011972073e-06,3.624402349194821,2.814186091938595,2.2424830436584526e-06,4.03376815629286e-06
HD 77946 b,16.36530513457039,7.639678688388183e-06,5.814474485678279,6.517761855283737,1.6685001913429911e-06,2.387860741958092e-06
K2-233 c,85.73341277451337,7.333570505292785e-06,8.938256684757349,8.182451336240945,4.2995920968955785e-06,2.608830544501376e-05
TOI-421 b,12.309804900841993,7.320138955663899e-06,4.535977783662782,7.449862223139025,2.330475156815561e-06,3.5971553046121834e-06
TOI-237 b,36.78672326651858,7.281978744360401e-06,4.209427659762049,3.763095999496265,1.637351009675587e-06,2.334494527721233e-06
K2-21 c,29.969643576194365,7.232381121393062e-06,28.34842429286465,2636.7463095749563,5.669051988885315e-06,1.2698885951290757e-05
HATS-15 b,41.348460653679474,6.858987677806348e-06,2.9353293631257955,2.5926621795882383,1.3881849317537096e-06,1.7989510957990758e-06
CoRoT-29 b,16.310122478028685,6.326101355566941e-06,8.316757691670723,12.322004624639105,3.927130380200271e-06,1.1138478991300146e-05
K2-104 b,52.70499309481281,6.315941801662175e-06,7.50623298646471,5.500040456077848,2.7196978531096168e-06,5.8610924084909616e-06
HD 108236 b,40.9397027930793,6.289954217758576e-06,4.961813137671207,4.099067968987875,2.128907290542589e-06,4.881233444593495e-06
TOI-411 b,84.6617422623985,6.019945395415445e-06,8.96612291468864,8.03890486138387,1.1573778579332234e-06,1.4916708074393578e-06
K2-21 b,21.75846422322094,5.934885625970718e-06,9.188490635091592,7.895118913516224,2.2331014585719245e-06,4.432551990431559e-06
HD 5278 b,16.893033150056525,5.797057114243625e-06,16.160730942469606,1497.4394423573845,4.473542212887106e-06,1.1052159303363053e-05
K2-105 b,24.655628539692977,5.78076414214537e-06,9.955334686513575,2.976424507005156,2.725061375886697e-06,6.285139229752073e-06
TOI-411 c,21.9157856130822,5.77273820126852e-06,20.64322914688635,964.4658686541824,4.17743310067284e-06,1.0165942322043772e-05
K2-136 d,43.584068928065264,5.76663196628639e-06,41.909769675279925,5352.409927705518,4.659463318815373e-06,1.208565129009271e-05
CoRoT-23 b,35.513341463204924,5.732908262949662e-06,7.41283894602704,6.007321970842156,2.411663227015615e-06,4.167274018100724e-06
K2-3 b,20.519333122729737,5.416640287810508e-06,4.499422197302046,2.26125270835016,2.0737406603089792e-06,5.242341335847673e-06
TOI-4184 b,24.246902869297617,5.325950204578502e-06,11.076012534406775,4.830183190870354,2.3479860769327265e-06,6.222009810471553e-06
Kepler-428 b,12.977817558790424,5.2237653658520765e-06,2.680666594510832,3.1561708228262546,1.843103570290907e-06,4.3356029855573525e-06
HIP 97166 b,28.015144050531568,5.215864125444573e-06,2.4891967374346717,2.3026746680606145,1.8568417853519403e-06,6.283814579842717e-06
TOI-178 c,51.34536250109879,5.151571133264653e-06,6.806417357404328,6.222788422153933,1.9363217232457803e-06,5.052373180990889e-06
K2-288 B b,22.291258225411504,5.055102141183935e-06,21.16331782260762,2441.3499455784886,4.060392326337682e-06,1.0525170731348398e-05
CoRoT-20 b,38.25280621607514,4.988132475280261e-06,2.364381790892608,2.2813801096975936,3.700626607456035e-06,4.415820293417085e-05
K2-60 b,17.884414278266938,4.985373503148313e-06,3.735908174280395,5.415994155646452,1.703416194960532e-06,2.759211896842794e-06
Wolf 503 b,31.91795657008068,4.90084473068802e-06,3.074064362806645,2.619703314779759,1.0903062723073635e-06,1.2625253604708369e-06
K2-146 b,46.175893977532894,4.815662708861873e-06,1.3422697824313945,1.273396111749875,1.5386384229869507e-06,4.20664407995235e-06
HD 110113 c,27.726133709191792,4.6000736630635e-06,26.623920520611573,11.1923529275753,4.148760497022696e-06,3.774912036150768e-05
TOI-733 b,35.02763126647635,4.455521109252782e-06,3.754623346161289,3.0541526568601824,1.383779066796011e-06,2.4328582161134813e-06
K2-265 b,67.69594864146396,4.40518371856789e-06,9.344126224496478,8.017249915240356,1.255221271884602e-06,1.909529737629824e-06
HD 108236 c,26.33655121445237,4.37804497847952e-06,5.825492127061608,3.143508121585839,1.4221072231886876e-06,3.346380853653898e-06
TOI-2096 b,53.80190857294977,4.205045456311437e-06,5.655301820099403,5.2787751836631855,8.062009198073563e-07,1.233443660536245e-06
HD 3167 d,23.22732284764032,4.18494748087452e-06,10.33051375524559,3.2053726956317696,1.948260447745537e-06,4.729255234474043e-06
TOI-125 b,25.12010437406733,4.176537113810672e-06,6.078951019633422,4.176101498968187,1.3643732337632743e-06,2.93877853625242e-06
Kepler-80 f,95.91957508440696,4.125469441633476e-06,10.326545815035203,9.208946484824608,1.2459876266547796e-06,2.70360263405322e-06
TOI-1260 c,25.16650681761401,4.022317761023256e-06,8.666901835228416,4.69204140315567,1.5901389481350275e-06,3.989860637478606e-06
TOI-700 d,56.915240861881074,3.947142265585785e-06,55.68429782418195,7786.321672929534,3.180499383105692e-06,1.03053427565759e-05
HD 39194 d,12.392020771612112,3.9103798066188114e-06,12.07586198631687,1893.9977363501011,3.252232350754452e-06,1.1216562615621118e-05
K2-146 c,38.69406658516665,3.908904527386073e-06,1.374175022805531,1.3188649939514363,1.2696171763251149e-06,3.496639015874855e-06
K2-113 b,13.828372888932364,3.8845074071174844e-06,3.110860371215921,4.3910266214313545,1.0997508601182967e-06,1.795003378204632e-06
Kepler-42 b,68.82278089878558,3.864037355971087e-06,46.18470182624624,11.907686732263528,2.3827569329724136e-06,7.679612562724822e-06
HD 22946 d,11.824237398716988,3.79053527154526e-06,11.455255389506975,1450.2551730480652,3.067735698511909e-06,8.816314960848846e-06
K2-136 b,67.76867754751049,3.545878997769731e-06,7.248361208566273,6.368838758756766,1.5091486771841254e-06,2.953891890795971e-06
CoRoT-8 b,10.20749503228168,3.5269928775395424e-06,3.178992646819906,4.301314969968486,7.526727506414509e-07,1.0766193759728073e-06
CoRoT-17 b,33.82146340700132,3.478877884043732e-06,2.353079792753949,2.202609656226258,8.204599283983955e-07,1.0522779900389725e-06
WASP-106 b,16.444814991066778,3.455892295257762e-06,10.548342349150476,1.461454438762356,2.116658681919807e-06,5.7248899533565885e-06
TOI-700 e,70.71883111375755,3.354965623995546e-06,69.13582848901723,10114.315572022582,2.7218435407569043e-06,8.728160911404137e-06
TOI-715 b,18.70571733500671,3.3521998653984194e-06,2.1825323239561385,1.8426541209597893,1.0384241864705966e-06,2.062982388816813e-06
HD 108236 d,11.827156496673698,3.291074673360724e-06,11.31014928560253,1058.278011129497,2.6054712474353663e-06,7.278308967587995e-06
Kepler-101 b,11.791323196600096,2.9394688338883634e-06,6.963646909942692,12.3970999809826,1.4219308079353414e-06,2.818815014496062e-06
K2-138 b,53.68728356011867,2.875788176239308e-06,17.88965733009558,11.119871341774868,1.094050850796363e-06,2.607749259611197e-06
TOI-238 c,17.167381473350577,2.781175431666769e-06,5.068223244528703,3.4735296381774816,1.1265588246045417e-06,3.1232615533667983e-06
Kepler-32 f,95.66749993356224,2.7094087563811947e-06,20.11846686990718,11.328635122116594,1.648595568712868e-06,5.304561541454055e-06
K2-167 b,19.38348552093048,2.681085216053104e-06,9.293220018687409,2.1182977372124228,7.136681003128312e-07,1.1753723114740998e-06
K2-138 c,29.85613869468305,2.649291246395597e-06,11.42875424369134,6.668744058124918,9.542348242544222e-07,1.909944835731038e-06
WTS-1 b,24.70577431030191,2.4600680665216325e-06,6.844058576779194,5.468525325228679,9.799928630299532e-07,1.7289459593228657e-06
DMPP-3 A b,33.26423620790512,2.4157477900155637e-06,5.978745251712969,3.6067588817860567,1.0325091446286374e-06,2.032587930891205e-06
CoRoT-27 b,73.34265394309767,2.292509654643308e-06,5.201684232517749,5.052753955824514,1.139759794807629e-06,2.6293261298677173e-06
CoRoT-6 b,19.95639122346033,1.9788294100401123e-06,1.3751786757079785,1.278641851723492,5.219860944499185e-07,1.932977645010668e-06
Kepler-446 b,66.34444972339699,1.91302386958227e-06,9.522838775573632,6.833808845356515,1.062821173077836e-06,3.629652728189155e-06
CoRoT-13 b,29.76058699844093,1.9127014909667124e-06,1.4994927969240202,1.427150951403295,6.121915072578544e-07,1.09891568162149e-06
TOI-220 b,18.74621197931241,1.852940798261086e-06,3.577235949798137,2.1471761220293857,4.439056026634645e-07,5.169992417951945e-07
WASP-162 b,33.130108698967504,1.8482610334693909e-06,2.0398076606286857,1.844479693543164,4.259062967246447e-07,5.265466789973956e-07
K2-3 c,19.705207626745462,1.848104092993657e-06,19.17101644509106,2693.6929378730306,1.520948895311097e-06,4.980472188076031e-06
Kepler-445 c,23.85764453326229,1.8257189464323771e-06,12.971654437562414,4.864078743324786,9.59659258230324e-07,2.8022415875729096e-06
HD 106315 b,26.774501567141613,1.7188739750509157e-06,5.88492521912956,4.896933905467421,3.161918142043757e-07,4.266309842658615e-07
Kepler-617 b,70.53013310617425,1.6740863140725068e-06,7.664156898379268,6.98006581271828,9.82899432714623e-07,3.522544720267815e-06
Kepler-42 d,41.86468393900063,1.6700551956385058e-06,33.68465930180086,16.66366391213802,1.0636803293835295e-06,3.38863275135242e-06
HD 28109 b,28.33872029594784,1.619018071750731e-06,27.027030235494014,2783.0308296315147,1.2707902996056176e-06,3.130715657694027e-06
TOI-2084 b,21.8469786961503,1.5721986303023944e-06,8.641164489442227,4.057264908123887,6.186728178720678e-07,1.4278437136719023e-06
EPIC 249893012 b,52.07099686836948,1.5215300647327402e-06,4.760356614306524,4.326194221525512,6.050909574506639e-07,1.1178566895027452e-06
Kepler-138 c,18.08451628347936,1.4168564401445084e-06,6.531010018069768,3.59410895429426,5.789221425143728e-07,1.8101129042716287e-06
Kepler-205 b,49.89175129400035,1.369856820163144e-06,6.328918112986621,5.217539555918016,7.662995627680647e-07,2.4102654611136426e-06
K2-101 b,18.54655080204635,1.336589754845369e-06,15.061021908389844,910.8048182529096,9.98859472252062e-07,1.540756751419546e-06
TOI-125 d,11.022040733516551,1.2456152174531004e-06,10.62285824495426,1166.4617594523943,1.0117175296217543e-06,2.7027416543599514e-06
K2-138 d,28.23435153830999,1.1203257193685952e-06,6.259981195655001,3.618140274416035,3.754960070707334e-07,8.435928101421972e-07
Kepler-444 b,13.16053814670337,1.050616401641593e-06,5.431654080256239,7.378209595455694,2.2914803957735499e-07,3.069079961064617e-07
K2-38 b,59.44199199424048,1.0481787355408818e-06,7.3562461581881635,6.357053279575084,3.267930418743761e-07,5.925752680681585e-07
K2-3 d,30.68178238909018,9.32039134112896e-07,30.128903768807216,6037.987949780857,7.833837418493885e-07,3.1406268977897037e-06
K2-229 c,48.46168943979531,8.909804179642863e-07,5.122417158934432,4.65085401974261,3.3092455789595377e-07,8.125758195894971e-07
Kepler-446 d,39.17651132905807,8.795098840872617e-07,5.532598093890371,4.117621106513376,4.474188236994153e-07,1.5744088716532509e-06
Kepler-40 b,17.797370622457205,8.571603782996323e-07,4.348311791145399,3.549319243520056,1.825871866542085e-07,2.4226296593070944e-07
Kepler-444 c,19.74509622866001,8.388616319347709e-07,8.438655688415713,11.826461133006184,1.936919018022322e-07,2.763668947215931e-07
Kepler-446 c,52.09832321549764,7.298832272419154e-07,9.924234384864867,5.733975812745044,3.998671527347342e-07,1.339738811761015e-06
Kepler-445 b,45.97622993854333,7.231261932323502e-07,7.518602802460961,5.046877548436285,3.6545083078910185e-07,1.0855405686479576e-06
Kepler-444 f,25.24192478077434,6.176983886627151e-07,6.59970425454809,3.183490083085154,1.5542941955259645e-07,2.0566849738312763e-07
TOI-1670 b,26.90624162122632,5.610178038962071e-07,25.824452039994767,1393.6032523812414,4.215228539700687e-07,1.005926139356907e-06
Kepler-49 b,17.846989199877427,5.092768931031025e-07,12.235668060685857,9.952007888771991,2.808513436194793e-07,8.932782681989916e-07
Kepler-125 b,27.89323407310761,5.038905298933818e-07,9.985319827235225,4.503253154316596,2.1002386279317346e-07,4.33608108616396e-07
K2-111 b,37.69747231015965,4.800727074277136e-07,4.290441993634957,3.768326020731642,8.342825826983307e-08,1.0145151862637685e-07
Kepler-49 d,49.84358937422834,4.795941453965071e-07,5.977098274493805,5.095122925612692,2.6163845834326065e-07,8.055058616499174e-07
K2-38 c,15.04868140099502,4.691491981019426e-07,7.312208224088889,5.5487656505955165,1.710811325809749e-07,3.376143391988244e-07
Kepler-1655 b,18.568993249564876,4.663747982473789e-07,17.66845754017106,1652.99186215649,3.640220897144754e-07,8.521384059477172e-07
Kepler-444 e,21.27579782308777,4.656135589414761e-07,17.995908273165252,19.1720868879326,1.3427987779584978e-07,3.9150095569342485e-07
Kepler-303 b,61.82938539033714,4.61647031585107e-07,8.264004583314204,6.307330036433271,2.641937188082738e-07,9.01770443493781e-07
CoRoT-30 b,24.14517222055011,4.507016272232666e-07,2.4203546445212325,2.125713434770105,1.625209700678242e-07,5.068129637914557e-07
Kepler-75 b,43.51856894269549,4.2837705961232806e-07,1.7167173066365606,1.6010545931063902,1.2387068240021316e-07,2.430419120585296e-07
Kepler-444 d,49.46591384235039,4.280399282346615e-07,30.39546776698539,23.746082424930776,9.951722229051475e-08,1.8594667744740218e-07
BD+20 594 b,11.49849036385308,4.169161170363354e-07,11.112633889796903,1315.1602004377787,3.368700014305183e-07,9.400606855781152e-07
K2-32 e,44.26211755293754,3.7828224421702404e-07,21.797326004075067,13.953921666302705,1.28585102833808e-07,3.088082765681475e-07
Kepler-80 d,59.164816083362375,3.606069772110409e-07,4.724482239290332,4.175051583396829,9.691598148929143e-08,1.7219936178911056e-07
Kepler-155 b,26.112639868204155,3.5955287975955125e-07,9.032600396753692,3.6639620298713744,1.333654228830299e-07,2.701943256205044e-07
Kepler-32 e,49.30702151455034,3.2470333181080704e-07,5.841996295253992,4.910155412252443,1.7511766644028481e-07,5.706854135893696e-07
Kepler-267 c,24.3890349459502,3.2461335872729695e-07,6.363343934646625,3.086728987016905,1.5314779704301278e-07,5.160223848316418e-07
Kepler-205 c,18.06416634147817,3.236271500921139e-07,16.575891230033026,1435.7041447645652,2.610264857386952e-07,6.575959612521589e-07
Kepler-296 c,16.50778471859946,3.174363089375852e-07,7.260518730772601,2.414894254890928,1.4715491798513837e-07,3.064356030438561e-07
K2-180 b,30.485633782728303,3.078434419108876e-07,6.630423648822127,5.337102533363304,1.393413480039157e-07,3.246525036284533e-07
Kepler-445 d,32.838498851016595,3.046841023750748e-07,4.189180273965718,3.427691496923778,1.6032198267223892e-07,4.402463698444996e-07
Kepler-32 d,10.618902436062376,3.043308075554444e-07,9.74738351933848,580.8350620433697,2.38974388861002e-07,5.327318265504904e-07
Kepler-249 c,31.261018086128484,2.915464137149922e-07,3.7192367144837135,3.074777348923515,1.365787116273986e-07,4.431797431301183e-07
Kepler-186 b,46.18202018416295,2.8904426884926125e-07,5.8689724330671424,4.697412744094358,1.0335319049275804e-07,1.861880277433274e-07
Kepler-249 b,50.67294095438915,2.7837584137163055e-07,5.616602503059035,4.99871155736475,1.428519850098251e-07,4.968914173672307e-07
Kepler-186 c,35.11192494577121,2.755241505993125e-07,4.103897922885437,3.4103759494021944,8.817944408962402e-08,1.5073634827979e-07
Kepler-249 d,20.765205169896955,2.410653618026597e-07,9.504696429621864,34.12817166513038,1.4097919938966696e-07,4.052575909533066e-07
Kepler-159 b,17.469749398528172,2.408244202068915e-07,8.039462164672399,3.5264072613868933,1.0819018022055889e-07,3.3868817571357695e-07
Kepler-186 d,23.947991680640328,2.261338758599071e-07,2.9804069129437423,2.449077885314381,6.57131679136425e-08,1.0476846259654227e-07
Kepler-81 b,40.753938712600174,2.2298356456202006e-07,6.252712294813861,6.620058828380316,1.0493644054167985e-07,2.950961526106832e-07
Kepler-114 c,24.692605908474903,2.213213507172232e-07,9.195862538617323,4.916557337101345,8.891081303859613e-08,2.4904386217139933e-07
Kepler-80 e,35.018061518382936,2.050975378857619e-07,4.9738498176252826,4.124022572192864,5.4369335784297114e-08,1.2844941254365174e-07
Kepler-235 b,33.35484539271592,1.984199439652781e-07,10.055843231293505,4.597089031582108,7.74016883881974e-08,1.8898950367175456e-07
Kepler-61 b,17.1545781524822,1.9303133973809786e-07,16.482765220770087,1750.5301886802008,1.531659745139817e-07,3.8975923811813924e-07
Kepler-296 d,11.091360210668414,1.9031900978722245e-07,10.60388926961325,445.4131644905459,1.5070875825850453e-07,3.149642740805014e-07
Kepler-83 b,39.65785528618099,1.7642196806688776e-07,6.145779638670405,6.2467826286193215,7.8887684701697e-08,2.539625168813725e-07
Kepler-296 f,12.58516280479136,1.5877592200123865e-07,12.224019943903144,1733.4588191619102,1.2986566301883592e-07,4.4346220706124926e-07
Kepler-120 b,32.51008933523284,1.5724592305129413e-07,14.024299017849431,3.9425756767298807,7.726611635333648e-08,2.7862048066017296e-07
Kepler-114 b,73.60484306072111,1.5135498977583677e-07,8.500873876108983,7.139475961685875,7.263284235784285e-08,2.2906681513156522e-07
Kepler-186 e,20.48896483040076,1.5092432341052586e-07,18.347471173489065,1455.941922801601,1.2003468713001133e-07,1.6339767570219966e-07
Kepler-138 e,46.203471160154514,1.506644731476438e-07,45.42539602803202,9155.16364756408,1.2883119267193345e-07,5.56672466079774e-07
Kepler-236 c,14.658984690755169,1.4550056801160702e-07,13.6877764735971,1248.7912508306097,1.1786958358830137e-07,3.097098896483004e-07
Kepler-296 e,23.278717433368566,1.4253801302525534e-07,22.610768584190364,3127.842257184471,1.1755117766783904e-07,4.219829981651735e-07
Kepler-167 b,36.368217442173375,1.393659988878043e-07,4.603386704414579,3.726414126967846,4.569043634957548e-08,1.0153759014738833e-07
Kepler-236 b,28.06214465838731,1.340250582063978e-07,3.5821686511356177,2.8898958389032643,6.20467644109468e-08,2.042040566589237e-07
Kepler-303 c,35.13986221710361,1.3230359973304277e-07,3.9748548118095854,3.445574650610624,6.165621499841907e-08,2.015116217654299e-07
Kepler-296 b,19.762313515923065,1.2522896713923062e-07,5.683807163180113,2.462299351740665,5.849687050372582e-08,1.1134304925211325e-07
Kepler-83 d,73.51768286301072,1.1423456131256675e-07,8.793076901879473,7.091752764009371,5.571381659764996e-08,1.8366663091261025e-07
Kepler-26 e,11.902127884952687,1.0727678409511017e-07,11.462142525664603,1393.1747073172753,8.613180196058691e-08,2.746660081104224e-07
Kepler-83 c,18.15525104991631,1.0612090610437761e-07,17.46159514460672,1714.880900136103,8.590829992742499e-08,2.664671967215453e-07
Kepler-231 c,37.16852440911504,1.0270476762147873e-07,35.43173381252583,516.824300110796,7.449590877959719e-08,2.002241109839172e-07
Kepler-26 d,48.88248389053864,1.0035230182899921e-07,5.4966867409298175,4.600680633692434,5.1237905000315213e-08,1.7818738910937333e-07
Kepler-231 b,75.31433117251359,7.974994839256445e-08,8.436630266336252,7.59865672149165,3.7242228153443794e-08,1.2194030907877078e-07
Kepler-129 b,24.936817352673664,7.551935849536066e-08,24.349504835685128,745.7687992130585,6.15075609729174e-08,1.1484036011231053e-07
Kepler-54 b,49.39477588801731,7.334759657811525e-08,5.219664174247896,4.6563632271079385,3.2992196544930644e-08,5.1342203046454965e-08
Kepler-52 d,16.62424145759774,7.308665923586198e-08,16.063340912140344,1834.720618525416,6.028377778317071e-08,1.951516251433517e-07
Kepler-167 c,28.405851278912813,6.383797800965815e-08,3.422074256556545,2.937913270703476,2.2538774120087433e-08,5.115685817126658e-08
Kepler-235 d,14.597415710701538,5.8973182583769436e-08,13.78417252993313,612.0448614046902,4.721048518270762e-08,5.755063601267425e-08
Kepler-120 c,23.16439540577406,5.220220075331001e-08,3.968244882450197,3.1560310452937053,2.6401318916485144e-08,7.800758298092732e-08
Kepler-309 b,33.33355262579077,5.1350231830115314e-08,4.3953368963604085,3.416430153849042,2.2435191004961764e-08,6.429545765609156e-08
Kepler-252 c,19.091133954294907,4.632557688062942e-08,6.423988665381504,2.8135002379662843,1.9621581904161237e-08,3.2642231060013435e-08
Kepler-225 c,16.95356050604994,4.4646754791892125e-08,14.435333091754314,555.1463550317599,3.384236630206792e-08,7.074658610635365e-08
Kepler-235 e,10.405048334731578,3.304733424469632e-08,10.104326178687334,1211.8776556202126,2.6535834444613232e-08,7.975786168744784e-08
Kepler-125 c,32.82863024334687,3.1987781654930263e-08,8.469762396984265,4.048233624123412,1.2906255313445269e-08,2.2980490770326208e-08
Kepler-54 d,18.20376514619268,3.1588950397341974e-08,17.588585889166225,1452.278652472641,2.62068885199312e-08,5.4133927016494544e-08
Kepler-81 d,21.66785486405412,2.6851297888037186e-08,20.44629089829476,2768.4698684537807,2.260712475685214e-08,7.207974995562025e-08
Kepler-225 b,36.639652073892194,2.566315298675353e-08,3.949125316291856,3.5476771691620925,1.1644795316937944e-08,3.5789001310673786e-08
Kepler-235 c,33.309835534123664,2.4360057176403253e-08,3.675546091997358,3.227025786232666,6.6468975917208265e-09,1.2008442514531731e-08
Kepler-69 b,15.416837626941687,2.0188734161373456e-08,11.355579660920665,4.355456204380513,1.1511583609690176e-08,2.465530755010686e-08
Kepler-101 c,51.55388166321485,1.8284382871176923e-08,5.743108312115808,4.781746197708671,6.845700602614381e-09,1.0176964237411664e-08
Kepler-54 c,85.89822358580436,1.7222982021415543e-08,11.075323533178334,9.23078539521127,8.997768740025023e-09,1.6079763923582765e-08
Kepler-252 b,37.07985848942042,1.6802544264522743e-08,4.247718788758768,3.512569658726278,7.117621155994795e-09,1.2496409243311947e-08
Kepler-167 d,26.303924969416737,1.6101267070750762e-08,25.68211746849406,4974.33970129391,1.3524424735698e-08,4.725181892674449e-08
Kepler-287 b,10.104651430306852,9.939866871270972e-09,9.714435130736254,707.8714262748432,8.731427984384769e-09,3.705058914339487e-08
