Name,RA (J2000),DEC (J2000),Max. Frequency [MHz],Max. Flux Density [Jy],Max. Frequency Lower Uncertainty [MHz],Max. Frequency Upper Uncertainty [MHz],Max. Flux Density Lower Uncertainty [Jy],Max. Flux Density Upper Uncertainty [Jy]
HD 36384 b,05:39:44,+75:02:38,2.2499768639196023,2.3902048882097,2.0749892666066665,113.28433512398004,1.8670769708867352,20.78128396967628
AU Mic c,20:45:10,-31:20:33,0.6976443075465719,2.280171821982985,0.692931312273698,201.65721486317335,2.107931677994852,294.56815983644583
AU Mic b,20:45:10,-31:20:33,8.304709553324534,1.7250711636519755,2.107072527484416,2.7242277949253992,0.9892363042801788,2.4317775737976586
bet UMi b,14:50:42,+74:09:20,0.7429647237631081,0.3619011445766151,0.692253733416535,47.92303002003536,0.2843902557440303,1.3844730548579172
gam1 Leo b,10:19:58,+19:50:29,0.9204341963952052,0.2971473304842787,0.857295975700891,64.82072086124434,0.2401213921540265,1.2462655221653745
ups And b,01:36:48,+41:24:14,1.3325112400718797,0.1133863184396711,0.7673140007764628,3.460916397694848,0.073132642821308,0.1519845476517067
HIP 65 A b,00:00:45,-54:49:51,5.97613294355197,0.0776067814029981,4.014274821152494,18.414610519633964,0.0522711173467193,0.0968184388893247
51 Peg b,22:57:28,+20:46:09,0.6162545990295295,0.0464803891009176,0.2778981827659222,1.2607804583105562,0.0247305028065097,0.0312268328831657
HD 179949 b,19:15:33,-24:10:47,3.993889481669149,0.0417790361619888,2.416530958545445,9.621995030018429,0.0244274889705673,0.0432698626709682
HD 189733 b,20:00:44,+22:42:35,9.362394901957977,0.0293262418197213,1.4880683367142096,1.638189308229478,0.0117980583209656,0.0302581460214675
HD 75289 b,08:47:40,-41:44:16,0.9359083398570144,0.0275161051869405,0.4448399886330855,1.949828544189434,0.0146875178618585,0.0154975184800212
mu Leo b,09:52:46,+26:00:24,0.7687765282309595,0.020800414648456,0.7144337654365172,49.01696265529829,0.0161154276370878,0.0398497768083344
GJ 3021 b,00:16:15,-79:51:05,2.5887794581693293,0.017742770982737,2.327848372053268,128.42195766953606,0.0134091098171048,0.032167239271107
HD 81688 b,09:28:40,+45:36:03,1.424505583161075,0.0171912367184593,1.3005858673127155,65.2125219026969,0.0130375221203261,0.02998072470489
HD 88133 b,10:10:08,+18:11:09,3.709516418970965,0.0163519150819321,2.6430602685202653,11.006075416562185,0.010315280117653,0.0270154492783328
51 Eri b,04:37:36,-02:28:26,1.226932607396959,0.0147158088117121,1.1492954287049053,57.54313688678297,0.0110425399174061,0.0328087581166019
KELT-7 b,05:13:11,+33:19:05,1.3421190264265748,0.0143711621392322,0.370736653499615,0.5617577036034547,0.0025993952463634,0.0029208180611801
HD 208527 b,21:56:24,+21:14:24,0.6723189672005921,0.0140105968207788,0.6326244125179944,56.447781552447154,0.0118833173985093,0.1195340551271501
OGLE-TR-56 b,17:56:36,-29:32:21,5.655177007634575,0.0135991397715011,2.237904774012551,3.6181803654192306,0.0047190640165415,0.0078071240122164
HD 113337 b,13:01:47,+63:36:37,2.468962189056425,0.0130708219381302,2.2603674476773334,123.45449557929362,0.0101646567713133,0.0300824389629084
HD 112640 b,12:56:58,+67:14:34,0.6935374058167747,0.0126448930771886,0.6472915429355062,54.08858745595204,0.0098851978064641,0.0519215616814157
HD 187123 b,19:46:58,+34:25:08,1.052023878469011,0.0125328457992552,0.5182708685086773,2.3331207743451756,0.006964330682331,0.0091740613041158
KELT-14 b,07:13:12,-42:24:35,0.7316313211747272,0.0120768139232558,0.0794275624220415,0.1021821738207279,0.0018394809067293,0.0020047495287408
WASP-103 b,16:37:16,+07:11:00,3.466624163797037,0.0118396982872973,0.8098946815812402,1.0930525611146176,0.0029637733488477,0.0041414884795387
GJ 649 b,16:58:09,+25:44:31,0.8937078801185326,0.0115266275080487,0.7971399729055374,26.03983048326285,0.0084966555424944,0.0204844502550657
HD 285507 b,04:07:01,+15:20:06,3.464840838922372,0.0095895150676844,2.05106276697684,7.435633258378184,0.0057265771642681,0.0104415903552597
HD 11977 b,01:54:56,-67:38:49,0.8503640325636792,0.0093124073348164,0.7999691336873842,55.41859347818204,0.0075138462831862,0.0310092531781731
HD 46375 b,06:33:13,+05:27:45,1.209599193644916,0.0086414888898418,0.6631463636856331,2.668563433000083,0.0048969768996603,0.0080329076580476
4 UMa b,08:40:13,+64:19:41,0.8666857612507586,0.0084725520135003,0.8033329843954863,47.266664973987936,0.0066879243255185,0.0268305645343772
WASP-19 b,09:53:40,-45:39:33,3.234335611773476,0.0077279631693345,0.712609747475454,0.8824388711035072,0.0027187646607842,0.0058657376178036
HD 174205 b,18:43:10,+70:47:34,0.846256125731065,0.0076105572365362,0.7974319344195365,62.050511529978465,0.0059185391730649,0.0180270731037418
gam Lib c,15:35:32,-14:47:22,0.5619172703096855,0.0075938755889617,0.5297201942326041,49.30652525822993,0.0061143435032791,0.0230943390153857
HD 66141 b,08:02:16,+02:20:06,0.6687079212397113,0.0065890346219999,0.6303236787407258,46.60313844033173,0.0051188630539379,0.0136781702721433
HD 173416 b,18:43:36,+36:33:25,0.8869198885278979,0.0057958311092532,0.8221497267444609,51.95813155642536,0.0045040919609355,0.0154489187241275
HD 102956 b,11:51:22,+57:38:26,2.6450031395624234,0.0052800642001745,1.701657330946016,6.6532026107981785,0.0036465657089857,0.0099540267425836
WASP-95 b,22:29:50,-48:00:11,9.308206064927274,0.0047893467301513,4.350018172931796,7.816517379496085,0.0022022808851641,0.0042984289299532
17 Sco b,16:13:51,-11:50:16,0.6363335754289533,0.0047217193856071,0.6014010611979569,49.29455057185216,0.0036943958238767,0.0131948309478727
GJ 581 b,15:19:26,-07:43:22,3.443331803855054,0.004443951680779,2.273611612466876,9.444821582018434,0.0026035235474075,0.0043483166288145
TOI-1789 b,09:30:58,+26:32:24,0.9123117939917832,0.0038712257143791,0.3295308280290404,0.9243058903176355,0.0013862585741885,0.001609880010366
HAT-P-49 b,20:21:46,+26:41:34,4.623209488987258,0.0037053178694999,2.6192873719576197,6.207700214635861,0.0020081157483457,0.0033965960561294
8 UMi b,14:56:48,+74:54:03,1.3983308681901354,0.0036026351681357,1.2625635259184058,50.08642276390664,0.0026006773409817,0.0055770633198565
HD 185269 b,19:37:12,+28:29:58,2.9425738312678424,0.0034916589683152,1.9136912300107831,7.161594237882794,0.0022485399632048,0.0054809648817076
TOI-1408 b,20:54:03,+72:34:50,0.7387358601406462,0.0033724592373865,0.2393419932636969,0.812196044536921,0.0013110762663844,0.0011439214751525
HD 190007 b,20:02:47,+03:19:36,4.488866338730549,0.0032106696738166,2.937655793262957,7.708193128101046,0.0018949701428078,0.0042275986976557
WASP-69 b,21:00:06,-05:05:41,0.2686944736708964,0.0030240666259185,0.0636200714248434,0.082530761051611,0.0008742604883818,0.0010945561695494
HD 149026 b,16:30:30,+38:20:51,7.516420021375487,0.0030230673286198,2.5610278501754813,3.3390241103511267,0.0008436367940035,0.0010443369958645
KELT-2 A b,06:10:39,+30:57:26,5.831995465752911,0.0030175076267915,2.1829887180227416,3.379906660295873,0.000922247829305,0.0012948380006851
TOI-1268 b,13:13:33,+62:18:19,1.6905240913174946,0.0029606540469865,0.5657936360819038,0.913279704718654,0.0015460897407106,0.0026675638438451
HD 40956 b,06:06:39,+63:27:14,0.8195896139933586,0.0028800199908046,0.759261176175766,66.10079946207404,0.0022450394354981,0.0049249326523695
HD 149143 b,16:32:51,+02:05:04,8.431119007827398,0.0028318870697037,5.590396673752935,9.921136951536738,0.0015072966128726,0.0034281793834666
HD 217107 b,22:58:16,-02:23:44,5.9867364808105705,0.0026999678683426,3.929577412632427,7.647347577096799,0.0014244455315514,0.0030551046137871
HD 76700 b,08:53:55,-66:48:02,0.9810331188875694,0.0026177813235186,0.551683658983839,2.444118362501825,0.0014954080586008,0.0021071169941672
HD 120084 b,13:42:39,+78:03:53,0.5346090576160998,0.0025204105864538,0.5055912827965714,39.86065004203635,0.0019752829336557,0.0054836963308459
42 Dra b,18:26:00,+65:33:48,0.6053198949234543,0.002300806016269,0.5709988683011725,45.54828692582499,0.0018046736399518,0.005140105013701
HD 128311 b,14:36:01,+09:44:44,1.1011707139481832,0.0022984835090277,1.0167236271611784,46.424646198645306,0.001696087292994,0.0042649155435098
HAT-P-13 b,08:39:32,+47:21:07,1.3272290682059664,0.0021453658666265,0.3513847764194815,0.5103030814751668,0.0006040904282587,0.0009099005301999
gam Cep b,23:39:21,+77:38:00,0.457122977705672,0.0021269628738449,0.4334110670110729,45.920848267943136,0.0016836619068696,0.0044472818821998
L 98-59 d,08:18:08,-68:18:52,7.000644470713333,0.0018408868081442,1.8777802499181095,2.9960734813322905,0.0007430617980293,0.0014945298841516
HD 103720 b,11:56:41,-02:46:45,1.227520039629424,0.0016425851198793,0.6943291588812408,2.810199374435548,0.0009132921394161,0.0012965939708377
TrES-2 b,19:07:14,+49:19:00,5.336053922050267,0.0015964312292015,2.098578445044715,3.1627432626914604,0.0006064198069075,0.000974970595692
WASP-4 b,23:34:15,-42:03:42,4.294956617641246,0.0015485899395607,0.966226591472978,1.205369674264075,0.0003974999335397,0.000542103555077
HIP 91258 b,18:36:53,+61:42:05,4.3487816439148705,0.0014174181079416,2.8739732051994404,9.447720552090928,0.0008382002660708,0.0019469171837215
HD 128311 c,14:36:01,+09:44:44,0.993273388406581,0.0013503290108646,0.9358066628853664,69.71290917577205,0.0010560163209008,0.0023813730767216
HD 145457 b,16:10:04,+26:44:34,1.0161266778577884,0.0013439433322393,0.930178787322088,62.862649678076394,0.0010721892867356,0.005710133378728
HD 19615 b,03:15:08,+73:52:05,0.7824113260126104,0.0013067015458771,0.7396197000636396,55.056118602905,0.001035290239871,0.0040206670208126
WASP-123 b,19:17:55,-32:51:36,1.4429695971255951,0.0013065198207996,0.3769839783946187,0.5507910641032552,0.0003550541271013,0.0004786902740768
HD 168746 b,18:21:50,-11:55:23,0.6664821911311173,0.0012651404581939,0.3535382883730332,1.4177515297758148,0.0006852854181423,0.0008682617744429
HD 111591 b,12:50:17,+22:51:47,0.5636126930810352,0.0012063421365669,0.5281909534555094,43.876824063160775,0.00093410288339,0.0021878924938793
HD 3651 b,00:39:21,+21:14:56,1.103421480556135,0.0011886511780042,0.9778883802763226,32.23081299549763,0.0008931163589526,0.0023695613810161
HD 150010 b,16:31:28,+72:36:45,0.606764486033742,0.0011633680942086,0.569666650237456,41.48187198859028,0.000901870239356,0.0024820048757069
HD 60532 b,07:34:03,-22:17:45,0.7653282204142726,0.0011351761792774,0.6926448576465654,36.560516104971526,0.0008493572128003,0.0017598498020861
WASP-80 b,20:12:40,-02:08:40,2.695745558731654,0.0011156227311395,0.551707407443403,0.6982507431117986,0.0004519967308794,0.0010743020934524
WASP-64 b,06:44:28,-32:51:30,6.771360324275023,0.0010957745807284,1.3368113430133075,1.6352590040538244,0.0003508395399261,0.0006458395383002
HD 5891 b,01:00:33,+20:17:32,1.5183680510371276,0.0010727627896704,1.390224408696674,79.89097075063864,0.0008554540152349,0.0037983805941577
WASP-93 b,00:37:50,+51:17:20,1.6775956786694457,0.0010719278713912,0.5898510132180808,0.9330048697569668,0.0002645990337376,0.0002778010854845
Qatar-7 b,23:54:04,+37:01:19,2.044914636093156,0.0010282571722161,0.5377143652452774,0.7220884891601984,0.0001514331363975,0.0001800007944031
omi CrB b,15:20:08,+29:36:58,0.5507981432434269,0.0008894642935072,0.5024987171650264,33.46254057433118,0.00077493860789,0.0043463451470083
HD 192699 b,20:16:06,+04:34:50,0.983048420419477,0.0008585054485246,0.905935443448892,55.98672768433411,0.0006988088971076,0.0033539387330223
WASP-71 b,01:57:03,+00:45:32,9.717161903847009,0.0008385174800055,5.494937445228843,10.340654455526394,0.0003306880709494,0.0005633001016647
GJ 849 b,22:09:42,-04:38:27,0.2961880036139278,0.0008303552370584,0.2735164377442979,15.413342043475406,0.0006331566746914,0.0014294242579344
HAT-P-56 b,06:43:24,+27:15:08,6.68689753674114,0.0008101915711301,3.056176974177989,5.373756679998727,0.0002376298145403,0.0003338909827341
6 Lyn b,06:30:47,+58:09:40,0.5399853753773531,0.0008032185981343,0.5066843732340569,30.456036440941972,0.0006147420936743,0.0016554732146928
WASP-75 b,22:49:33,-10:40:32,3.354919184825235,0.0008029357459009,0.7268070270336366,0.9542635594078384,0.0001686684623678,0.0002071275855364
TOI-815 b,10:23:29,-43:50:06,4.845473058008171,0.00079986137893,1.7827192911140184,2.56901832830136,0.0004682473298385,0.0017425042694504
HD 47186 b,06:36:09,-27:37:24,4.400591905754698,0.0007775753920068,2.8935148127608112,11.234423135539569,0.0004590541839017,0.0009310244224275
HD 154391 b,17:01:17,+60:38:56,0.3408019868936953,0.0007319894887439,0.3253716029301414,33.86607696447193,0.0005785012316994,0.001514895900393
HD 17092 b,02:46:22,+49:39:11,0.7433800366523257,0.0007074842724646,0.6892442868663963,58.02125448714417,0.0005540420800495,0.0017455201559542
WASP-11 b,03:09:29,+30:40:24,2.9275890558978137,0.0007041230448781,1.4973578184089302,2.9800113625070734,0.0003531716698557,0.0007512239436568
TOI-519 b,08:18:26,-19:39:46,2.4047566939120473,0.0006802548364619,0.7989368492854343,1.1502862972937304,0.0002380987716956,0.0003933681993913
WASP-119 b,03:43:44,-65:11:38,2.5160124083645203,0.0006728069010607,1.380056749804475,3.9094843673803896,0.0003468109145982,0.0006045059972311
TOI-1295 b,17:06:41,+67:52:17,3.0556655025523276,0.0006556963733054,0.9003576284786159,1.3551493314993892,0.0001797842077054,0.0002430236698611
WASP-2 b,20:30:54,+06:25:46,7.804197692797655,0.0006519932276195,1.8316046164684412,2.3513934179153138,0.0002477511830134,0.0006034364417663
XO-2 N b,07:48:06,+50:13:31,3.3992202708559307,0.0006324643117121,0.5003708903677202,0.6152428619765113,0.0003204308785687,0.000780977608716
HD 102329 b,11:46:47,+03:28:27,0.6991184171013158,0.0006213278500123,0.6548410617392457,50.65692469782534,0.0004843211392504,0.0012495515963053
WASP-68 b,20:20:23,-19:18:53,1.840714479104052,0.000609037412658,0.9872211619197244,2.4004100887786977,0.0003183675544498,0.0005743085803738
TOI-4860 b,12:14:15,-13:10:29,3.9200991424348057,0.0006081125280518,0.8269673843676704,1.0907725254316865,0.0001430970094492,0.0001892768577876
HD 12648 b,02:19:00,+85:44:12,1.0837137340168417,0.0005613474637921,0.9924402782757944,51.63087352273322,0.0004266935113205,0.0011284169586157
HD 240210 b,23:10:29,+57:01:46,0.7224764361488093,0.0005577080253479,0.6770771624070345,50.042130561368054,0.0004546478985949,0.0023460574998595
GJ 581 c,15:19:26,-07:43:22,6.198233868440825,0.0005546125582623,2.969579260999348,7.564594162799908,0.0002734343789719,0.0004678711451284
HD 49674 b,06:51:31,+40:52:02,2.2537164361592232,0.0005230191522515,1.4155982543797847,5.929833190758874,0.0003011112513401,0.0005101326382607
HD 219828 b,23:18:47,+18:38:45,5.607905071669527,0.0005152770327582,3.7445708453505926,12.64848630082032,0.0002959706968281,0.0005827248783625
WASP-126 b,04:13:30,-69:13:36,0.7598396447117326,0.0005036605694195,0.2466035794306665,0.45024827433387,0.0002537422978636,0.0004026005074715
HD 19994 b,03:12:47,-01:11:47,0.6693789986038996,0.0004998546185325,0.6227944818282348,34.912163425511835,0.000381625571563,0.00090046993118
LSPM J2116+0234 b,21:16:28,+02:34:51,4.999591028412565,0.0004901818260091,3.2742891414855073,6.896019031713511,0.0002676408246332,0.0005828559796989
TrES-1 b,19:04:10,+36:37:57,3.5638579756892232,0.0004876459247178,1.269094355329231,1.8970915481302375,0.000206061312319,0.0003971933153263
HD 60532 c,07:34:03,-22:17:45,0.6473332533703908,0.0004857848673369,0.6071481000622071,44.734487946198186,0.0003746062462368,0.0009220447972271
HAT-P-3 b,13:44:23,+48:01:43,6.536752613160812,0.0004853770525917,2.848578638513945,5.159400815756119,0.000226753993691,0.0004378980169003
TOI-858 B b,04:00:48,-54:35:35,3.3198619759476373,0.0004708211183921,0.7179744168460309,0.9211660772258649,0.0001431384059499,0.0002356197038372
HD 167768 b,18:16:53,-03:00:31,2.118138461834675,0.0004701463381395,1.848393384205857,55.15152478046005,0.0004035419666275,0.0012947953787759
K2-29 b,04:10:41,+24:24:06,1.5974245178706652,0.0004536797056575,0.2374972778837809,0.2770804280169388,0.0001036868065544,0.0001557366741564
HD 142415 b,15:57:41,-60:12:03,1.0177868012636175,0.0004413662545979,0.9318963239844624,49.29977186132963,0.0003316834083054,0.0007719585185476
TOI-3714 b,04:38:13,+39:27:29,5.927111066786871,0.0004410511880531,1.1008569061716162,1.333140245922607,0.0001549120738511,0.0003684982170181
WASP-180 A b,08:13:34,-01:58:58,2.137203766477704,0.0004116395728554,0.5861888086530158,0.752080380560332,0.0001134118783909,0.0001490130504655
HD 89744 b,10:22:10,+41:13:44,1.209730286006067,0.0004015410333658,1.1273085914646803,66.08689973889074,0.0003035090612096,0.0006892081282025
HD 285968 b,04:42:56,+18:57:12,8.881166139547636,0.0004006317727555,5.2166334336294256,8.806238467999167,0.00020959375565,0.000456988974274
GJ 832 b,21:33:34,-49:00:45,0.1646854286766543,0.0003903659243105,0.1544897314636589,11.257652483192098,0.0003091614798095,0.0007817500607676
GJ 849 c,22:09:42,-04:38:27,0.179790006349559,0.0003893031963572,0.1682750804280827,10.60420079522159,0.0002975455951286,0.0007280011916579
WASP-70 A b,21:01:55,-13:26:00,1.019250468167176,0.0003832353521032,0.3658942168395858,0.6322038831817682,0.000121269832644,0.0001715022920387
TOI-157 b,04:54:48,-76:40:50,4.252114070040985,0.0003662744800486,1.0231952412717646,1.2231228175339943,6.756950414534631e-05,8.225366910085866e-05
Kepler-411 c,19:10:25,+49:31:24,8.489158500232502,0.000359154449278,3.377982279213226,4.975935141365623,0.0001919887994004,0.0005312791114279
Kepler-91 b,19:02:41,+44:07:00,0.6140820089482965,0.0003561542601534,0.2290647147533583,0.396317358602723,0.000100039516123,0.0001464493733405
TOI-169 b,01:07:07,-75:11:56,4.683611833060573,0.0003476009050244,1.5738729694789964,2.356427559344477,0.0001235294653014,0.0002464421466229
HD 33844 c,05:12:36,-14:57:04,0.5231118042550613,0.0003461818008112,0.4891105943842627,39.019722832853056,0.0002741157689567,0.0008503679372437
WTS-2 b,19:34:56,+36:48:56,4.041234696752879,0.0003387973469543,1.1618554327726711,1.7847683192471289,7.959731696100642e-05,0.0001062027440084
TOI-6016 b,00:18:06,+59:45:58,4.433832843613618,0.0003360886115661,0.9169096856063336,1.1339916813056252,0.000203462304775,0.0006087935288108
HD 200964 c,21:06:40,+03:48:12,0.39386378823078,0.0003352851742121,0.3677004601258542,24.05063280581096,0.0002670325503307,0.0008228593450203
TOI-163 b,05:19:04,-71:53:44,1.151744891551278,0.0003190943143514,0.2683421124113381,0.3299328907274108,5.318897416152962e-05,6.118316579917417e-05
K2-107 b,18:59:56,-22:17:36,0.663671801630717,0.0003189186462507,0.158081980338493,0.2173678042341768,7.97097147981909e-05,9.471216676745688e-05
XO-1 b,16:02:12,+28:10:11,2.7650873493832773,0.0003178109710739,1.0769206719142237,1.7456507688800895,0.0001293692179265,0.0003191202087657
HD 213885 c,22:35:56,-59:51:53,4.6428497261821855,0.0003113916057466,3.0402473135979635,11.103718043310945,0.0001805159390006,0.0003261967727591
HATS-3 b,20:49:50,-24:25:43,1.4709942970595562,0.0003099197107176,0.4245911444688313,0.5366579505914366,5.646868115733204e-05,6.626001052057704e-05
HD 4313 b,00:45:40,+07:50:42,0.8414063457377524,0.0003091380728057,0.7795050133091149,47.43428412274113,0.000246139682803,0.0007605008552543
HD 45184 b,06:24:44,-28:46:50,8.965716032010311,0.0003066223799485,5.889275891534497,10.634911694866313,0.0001623995560576,0.0003769691487776
XO-6 b,06:19:10,+73:49:39,3.4386792810348865,0.0003065862320328,1.8281900979096408,4.079884570788407,0.0001616881068816,0.0003320826356435
HAT-P-5 b,18:17:37,+36:37:17,3.4008027872829194,0.0003000075209673,1.6303609704135391,3.0689215705062125,0.000139689743087,0.0002395949269877
TOI-622 b,08:21:13,-46:29:03,1.4460055451940157,0.0002999252560321,0.558750666288918,0.87178879190173,0.0001213688514037,0.0001928167739247
HD 142 A d,00:06:20,-49:04:31,0.8041551990922273,0.0002909653482601,0.7114819232893317,22.89463114796683,0.0002112171357627,0.0004177653868716
HD 175541 b,18:55:41,+04:15:54,0.549167887591617,0.0002882877957694,0.4905555561206127,20.70957677617507,0.0002286003325034,0.0010747127189191
HD 108863 b,12:30:20,+21:56:53,0.7860382756106499,0.0002881136420288,0.7271355110382077,53.2333131814361,0.0002273931820866,0.0007068091842137
HAT-P-50 b,07:52:15,+12:08:22,4.934218967052686,0.0002714845452257,1.3405411582099926,1.9499860479302855,7.289801082870564e-05,9.92960899412519e-05
WASP-133 b,20:58:18,-35:47:48,6.446335940587856,0.0002612349428975,1.7063285479151509,2.2789771254293765,7.371617569480518e-05,0.0001025340813897
HD 158038 b,17:25:45,+27:18:11,0.5877094951671517,0.0002609004558346,0.5449928241069907,37.28805707650179,0.000202041790221,0.0004895572112509
HD 181342 b,19:21:04,-23:37:11,0.7768675728760501,0.0002557801026633,0.7288541708008713,51.75347802005808,0.0002032465090533,0.0006523097047104
eps Ind A b,22:03:29,-56:47:49,0.1309997166206535,0.0002530523126541,0.1274322873176896,16.446600807043293,0.0002090371725785,0.00070084000781
HD 195019 b,20:28:19,+18:46:09,3.604517874148383,0.0002521762105875,3.1969429427001064,113.14474369585074,0.0001829924103509,0.0003473917313074
HD 70642 b,08:21:28,-39:42:16,0.6510849361248499,0.0002518012682554,0.6173625245390337,46.86327444470104,0.0002004937142326,0.0006883584453203
HD 160691 d,17:44:09,-51:50:06,8.318395382320507,0.0002502599592951,6.120927144002047,9.0398345238761,0.0001702171350496,0.0005030331811652
HD 169830 b,18:27:49,-29:49:00,0.9101900541372372,0.0002500167791207,0.8323481228852802,65.28433496085756,0.0001890171902662,0.0004365281531399
WASP-100 b,04:35:50,-64:01:37,3.3463894555830187,0.0002428658985885,1.9250903304703095,4.9867234851131155,0.0001591988923526,0.000295704253443
K2-238 b,23:10:49,-07:51:27,1.4689384305024007,0.0002386890426623,0.7059648371792875,1.593964211559921,0.0001279133881316,0.0002584845658862
HD 27894 b,04:20:47,-59:24:35,2.1241201618213386,0.0002334559769676,1.7602243586093895,53.96676173861377,0.0001578835258144,0.0002930453856234
WASP-15 b,13:55:43,-32:09:35,1.6566139387396812,0.000231839655429,0.9685409632778024,5.463563761028476,0.000185143106201,0.0006115221834296
Kepler-45 b,19:31:30,+41:03:51,4.490603027506103,0.0002303301122559,2.0895616710160714,4.8839081176104,0.0001175901398827,0.0001999310723553
HD 82943 b,09:34:51,-12:07:49,0.6797452314320273,0.0002285366792023,0.626749622538259,42.090439044342055,0.0001738320322787,0.0003833947234558
HAT-P-24 b,07:15:18,+14:15:45,1.542221842748965,0.0002274804938976,0.7800626802353637,2.8378734484750807,0.0001087667409444,0.000142170389096
HD 29399 b,04:33:34,-62:49:26,0.3617750527713864,0.0002220904979527,0.3381129073797221,26.822494923649007,0.0001707874529034,0.0004193108021446
HAT-P-27 b,14:51:04,+05:56:51,3.3839612909988603,0.0002195230683078,1.087049968206148,1.7565179080014637,8.86775123274519e-05,0.0001731396776764
HD 216770 b,22:55:54,-26:39:34,0.7921783929575699,0.0002194584646773,0.6956667940163468,23.09904049700365,0.0001575025396871,0.0002820020483184
HD 104067 b,11:59:10,-20:21:20,1.483239956447476,0.0002169280854007,1.3272654728205957,57.58560853357077,0.0001660601365022,0.0004136365502035
HATS-30 b,00:22:28,-59:56:33,1.6518787227295375,0.0002102090730088,0.4168418978965684,0.56891330584891,5.7785782831798845e-05,7.886280958125616e-05
HD 125612 c,14:20:53,-17:28:55,7.270749992682212,0.0002099561067708,4.7575467160132145,12.994614198836132,0.000119255829542,0.00025947842587
WASP-165 b,23:50:19,-17:04:39,1.0616824965324565,0.0002091250473817,0.488765164537885,1.4414630413516765,9.711530063205104e-05,0.0001386772921783
Kepler-412 b,19:04:26,+43:40:51,1.8920316084569977,0.0002068731924255,0.4538261939006511,0.5922940062878699,5.5738257760171064e-05,7.673198348915732e-05
TOI-201 b,05:49:36,-54:54:38,1.6494980176370562,0.0002023666095137,1.3883331924783415,37.565057538780046,0.0001388899496068,0.0002992450372433
GJ 317 b,08:40:59,-23:27:10,0.6687862822858828,0.0002005977952579,0.6261001588933789,44.612809831754454,0.0001543780136948,0.000349654320171
HD 69830 b,08:18:24,-12:38:11,8.54881657314652,0.0001998504065393,5.662957677554479,8.92388078234356,0.0001261155916357,0.0004156131751361
WASP-166 b,09:39:30,-20:58:57,0.654512447563181,0.000198250489167,0.1576292149373148,0.2308588353084775,4.4426195546737546e-05,4.863344600402396e-05
HD 95089 b,10:58:48,+01:43:44,0.6235955053716963,0.0001941065788039,0.5779029278627285,31.809328114129286,0.0001561202558881,0.0005472617666543
HD 142 b,00:06:20,-49:04:31,0.9161472137291272,0.0001922325877542,0.8567549522112293,54.38540052487017,0.0001476984167278,0.0003208690557018
HAT-P-68 b,07:53:56,+23:56:18,4.032785785310096,0.0001893633939627,0.5804382667642942,0.6449491919008601,5.276253547785266e-05,8.738922161271128e-05
pi Men c,05:37:12,-80:27:53,7.88842081626086,0.0001887994782445,1.8081214245887816,2.3363918421319383,3.4770555998226864e-05,4.152775985660442e-05
XO-4 b,07:21:33,+58:16:05,5.865396922188455,0.0001837299106494,2.23214600579983,3.7109306189660303,6.446572977012099e-05,9.040017600969329e-05
HD 116029 b,13:20:40,+24:38:55,0.4547580545451399,0.0001714598030327,0.418709082650164,27.82739349594319,0.0001309058435181,0.0003084494146887
TOI-5293 A b,23:43:19,-02:02:42,1.7832986899166352,0.0001705340424004,0.5473246119644977,0.743808537790811,6.693892238315129e-05,0.0001189593274132
HAT-P-28 b,00:52:00,+34:43:42,0.9640784318171618,0.0001688068720102,0.3336073677430505,0.6011946873753458,6.159272563124623e-05,8.715993197358989e-05
WASP-58 b,18:18:48,+45:10:20,0.8300221490991316,0.0001622348870065,0.4315655304064423,1.0193095095093383,8.280741653034753e-05,0.0001345435308213
HD 10180 c,01:37:54,-60:30:41,5.959352316853783,0.0001542836119327,3.9035559264378943,12.099520515525947,8.685089446615316e-05,0.0001632000036269
NGTS-24 b,11:14:15,-37:54:36,0.6848859110558068,0.0001526070036859,0.2107002857771873,0.3789402557558199,5.0671175560940734e-05,7.159658041849449e-05
WASP-28 b,23:34:28,-01:34:48,2.3348064813167833,0.000152191543651,0.433513719956978,0.5028521186105439,4.603809223769454e-05,7.990630653574167e-05
HD 142245 b,15:52:56,+15:25:50,0.4508411068563633,0.0001509753582647,0.4246165067909565,31.86707838600618,0.0001182838735789,0.0002812018323617
HD 206610 b,21:43:25,-07:24:30,0.6561314000076142,0.0001481443131569,0.6187430404258142,39.15779038490742,0.0001190934325996,0.0004470572805043
HD 92788 b,10:42:49,-02:11:05,0.9871232115554334,0.0001463036528469,0.919957702355451,49.16585025492844,0.0001127033813042,0.0003220548068642
HAT-P-11 b,19:50:50,+48:04:55,9.218250339714093,0.0001462862053405,1.3910612472487447,1.6073743612107148,4.472808856964413e-05,0.0001037577460394
WASP-21 b,23:09:58,+18:23:46,0.3281111363182656,0.000138128648672,0.0774039019325942,0.115332002458837,3.648502553302011e-05,4.640507163089405e-05
HAT-P-26 b,14:12:38,+04:03:34,0.4643006738861144,0.0001330384040495,0.1526376527367778,0.2702399808905102,5.283879843057591e-05,7.577058040270746e-05
HD 76920 b,08:55:17,-67:15:55,0.6887426996498603,0.0001318653483326,0.643301075124347,49.909207036474584,0.0001029387718775,0.0002980541707426
HD 111998 b,12:53:11,-03:33:11,0.7377875521661248,0.0001308121350101,0.6981069201216005,50.79101630841405,0.0001043039885496,0.0004016882678787
HATS-71 b,01:02:12,-61:45:22,1.5411770019610582,0.0001249650783575,0.7380781609807464,1.6080121673315162,4.199060899553863e-05,7.178160001061092e-05
HD 113538 c,13:04:56,-52:26:47,0.2707845171426195,0.0001233375411063,0.2515930253513467,15.088428429900434,9.750332440226432e-05,0.0002763169937283
HAT-P-25 b,03:13:45,+25:11:50,1.0988388850553417,0.0001228559065199,0.2514385092909944,0.3396864699536972,3.830072659688472e-05,5.369624405740113e-05
WASP-124 b,22:10:51,-30:44:59,0.7917289712510687,0.0001187334102575,0.1779784531062135,0.2299086693839935,2.7127563429993416e-05,3.050843414815753e-05
HD 156846 b,17:20:34,-19:20:04,0.870589123011894,0.0001155716651314,0.8125167962750466,64.3352163643823,8.897805598814663e-05,0.0002005727426784
HD 23079 b,03:39:43,-52:54:58,0.720382799383126,0.0001127304760691,0.6805778720519506,45.64426245773837,9.003343097898732e-05,0.0002969061135589
47 UMa b,10:59:28,+40:25:50,0.4018887220897593,0.0001110478294324,0.3793620891038046,36.472562638045574,8.753931374597724e-05,0.0002160866454944
TOI-1728 b,08:02:27,+64:47:50,5.22833755801428,0.0001103320065456,2.1696575149695017,3.153632380119868,4.0560069315924614e-05,8.784538359419652e-05
TOI-3757 b,06:04:01,+55:01:12,0.3273648278299506,0.000110078384379,0.0791643668722165,0.0935471481710996,2.2799017070770493e-05,2.8898700228309425e-05
HATS-6 b,05:52:35,-19:01:54,0.7370319741250044,0.0001088253889445,0.2251867017947875,0.3374986646055258,3.086686996552673e-05,4.275080466379478e-05
HD 177830 b,19:05:21,+25:55:14,0.6754061341186656,0.0001086373449834,0.6285126105955581,42.572954632341784,8.58498776163165e-05,0.0003592457635843
WASP-84 b,08:44:26,+01:51:36,4.292445115563533,0.0001083586423443,0.9623703330514392,1.198646115515177,3.601410668721338e-05,0.000135248968763
HD 164509 b,18:01:31,+00:06:16,0.4534082069602799,0.0001077718131869,0.3918900882553575,12.601817459435797,7.801759510879506e-05,0.0001874390576277
WASP-175 b,11:05:17,-34:07:22,3.545049943028789,0.0001068264825739,1.3922424238056514,2.255181998534611,3.545802330173265e-05,4.927562677973973e-05
TOI-700 c,06:28:23,-65:34:43,6.702400380595423,0.0001052216818917,2.1935435248030375,5.115739944745071,3.3614550009010565e-05,5.8996254870395746e-05
HD 18742 b,03:00:11,-20:48:10,0.736530849560467,0.0001039179975687,0.6960849087438143,47.75913884531521,8.284467690667117e-05,0.0002661517771433
WASP-44 b,00:15:37,-11:56:18,5.365564582859136,0.0001034421153399,1.9822350206864512,3.21352878996551,3.910030868863096e-05,6.760452544268326e-05
WASP-47 b,22:04:49,-12:01:09,7.019110395763746,0.0001008327099042,0.7355763105647526,0.7940558579975319,2.1556750406573585e-05,3.105286416309189e-05
WASP-96 b,00:04:11,-47:21:38,0.4971266324434549,9.963146891495104e-05,0.133986916043143,0.1962279090444161,4.3314013046348465e-05,7.654963753731687e-05
HD 141937 b,15:52:18,-18:26:09,0.7296502062805946,9.88942932762888e-05,0.6844450924165325,56.19752716501035,7.646776929097795e-05,0.0001823903124289
WASP-57 b,14:55:17,-02:03:28,3.0658746075053367,9.881708047688874e-05,0.9277124056859368,1.3426773518521378,3.52612513961868e-05,5.935442997453032e-05
GJ 163 b,04:09:17,-53:22:16,8.794244844232756,9.792131938743067e-05,5.518718951906281,8.253499868078888,5.582042435268755e-05,0.0001570367450225
HD 40307 c,05:54:04,-60:01:25,8.927589011057737,9.536812800143314e-05,4.335117893578722,8.438562029117701,4.598911287668506e-05,8.014806089628138e-05
HD 98219 b,11:17:47,-23:58:32,0.6026896334509757,9.39249864738674e-05,0.5588282244918358,43.102294297165535,7.499638556352444e-05,0.00025687588561
TOI-199 b,05:20:25,-59:53:44,1.2326131733998034,9.382193584383578e-05,1.088503506545842,30.07111473812224,6.478481874756792e-05,0.0001387492174043
HD 75784 b,08:52:24,+13:13:59,0.4981505837371111,9.324364744501794e-05,0.4519675798511022,26.539601318230595,7.283547907292277e-05,0.0002099063998728
HATS-29 b,19:00:23,-54:53:36,0.7031074607040507,9.217248366327284e-05,0.1988286864545622,0.2974901964942397,2.5963626992604844e-05,3.424398847964832e-05
WASP-169 b,08:29:33,-12:56:41,0.4671128629207825,8.905950880537126e-05,0.1128360540624505,0.2634169487038749,2.5893815372556543e-05,3.18872206426515e-05
HAT-P-43 b,08:35:42,+10:12:24,0.9600023340769216,8.832407125479788e-05,0.2653159328298977,0.3861510145759839,2.6521723980650643e-05,3.676837930485536e-05
WASP-83 b,12:40:36,-19:17:04,0.4377667906428412,8.564653031130943e-05,0.0922690664223559,0.1668277670174498,2.016957451892312e-05,2.4972052174130173e-05
61 Vir c,13:18:23,-18:18:57,3.2857681533563143,8.478240725386239e-05,3.079321559080557,245.5031263112774,6.64579747567105e-05,0.0001708034155118
HD 50554 b,06:54:43,+24:14:43,0.5528351304995003,8.357529194957577e-05,0.5206795127028705,51.24266356739792,6.537409072711392e-05,0.0001655568299429
14 Her b,16:10:25,+43:48:59,0.4914556274212933,8.314502986538758e-05,0.4679144868022292,39.88420868969948,6.552101518536188e-05,0.0001721514856624
HD 74156 b,08:42:25,+04:34:38,1.947189552162309,8.284175456710506e-05,1.7744225825200888,79.32905691231196,6.123493363191859e-05,0.0001244437945744
WASP-98 b,03:53:43,-34:19:42,4.2653177067567905,7.968149272329337e-05,1.0039240141300882,1.2868812014810276,3.2211739561951603e-05,7.373342661527888e-05
XO-5 b,07:46:52,+39:05:40,7.661757270605912,7.790154034658564e-05,1.1700160927703909,1.4112102355615104,1.4079659162218705e-05,1.7058616220643995e-05
HD 1502 b,00:19:17,+14:03:17,0.8710603929292264,7.68106880302042e-05,0.8169584053446431,50.416956963162576,6.076085288278783e-05,0.0001912672744089
WASP-157 b,13:26:37,-08:19:03,2.588286692724036,7.65005200004671e-05,0.8851201915673264,1.191060034170611,2.208086272496733e-05,3.0471036893547977e-05
Teegarden's Star d,02:53:05,+16:51:54,7.309974095910738,7.464323156464197e-05,3.3743659571246707,7.225379221142636,3.767404822992288e-05,5.95986197117964e-05
HD 73344 d,08:38:45,+23:41:07,0.332275470126629,7.343229263347507e-05,0.316261352097773,29.786681039069517,5.856288777234211e-05,0.0001580786817462
61 Vir d,13:18:23,-18:18:57,1.5856857536610558,7.293012094222563e-05,1.494452656663108,121.5765230235686,5.776990779509698e-05,0.0001480102860612
HR 858 c,02:51:56,-30:48:51,8.442325478939606,7.287950972251046e-05,2.319906603599037,3.0105915216247805,1.3242134479528912e-05,1.7840162227911543e-05
TOI-181 b,23:28:41,-34:29:29,1.7489276473831812,7.164839368995064e-05,0.4143978555428487,0.499485926591632,2.8304865893199704e-05,5.633143902984229e-05
HD 212771 b,22:27:03,-17:15:51,0.5772109187859903,7.093108235160617e-05,0.5385011200204975,46.84352925882623,5.7874723753943674e-05,0.0002163861456634
HAT-P-54 b,06:39:36,+25:28:57,9.143685503071,7.050211206262902e-05,1.6283772367136455,2.004049752577451,2.4158225093836285e-05,5.616751043449023e-05
HAT-P-29 b,02:12:31,+51:46:44,2.592735730406895,6.967718348956347e-05,1.4760534280215984,3.6566191057987383,3.9518578369808816e-05,7.275864832803259e-05
TOI-199 c,05:20:25,-59:53:44,0.7390247715779601,6.902601311813849e-05,0.6533463947673908,22.08141489771791,5.152065517916465e-05,0.0001407645302882
NGTS-8 b,21:55:54,-14:04:06,6.805666502805729,6.806514967819564e-05,1.142925399105719,1.397691153338358,1.850994463971204e-05,2.7734449946259575e-05
WASP-156 b,02:11:08,+02:25:05,4.630623468804449,6.750910086063543e-05,0.9193956350410848,1.1032178103400725,2.248167396231638e-05,4.214230654686858e-05
WASP-184 b,13:58:04,-30:20:53,0.4569277781976843,6.735635499602595e-05,0.1156756981161647,0.2166229840416492,1.7411840789877018e-05,2.1754183479022593e-05
HD 40307 d,05:54:04,-60:01:25,9.618807787679488,6.721096950125478e-05,9.098296410486672,738.3183336189314,5.212605190097776e-05,0.0001252791873266
HD 136418 b,15:19:06,+41:43:57,0.586733200904436,6.695310971771414e-05,0.5472137578995656,40.251129909506794,5.2606067655692034e-05,0.0001416023368458
HATS-25 b,13:51:38,-23:46:52,0.6192730946135923,6.6570073459153e-05,0.2012397594271157,0.3832976733659496,2.170515300142438e-05,2.8557062953359205e-05
HD 207832 c,21:52:36,-26:01:38,0.3478640895477459,6.655215962038848e-05,0.3156680994622857,13.44980910002691,5.077013505720446e-05,0.0001378913298873
HD 96700 b,11:07:54,-30:10:30,9.790508933951578,6.646680452074805e-05,5.5853298902626225,8.605660915060923,3.1683294922552784e-05,6.726474257288464e-05
HD 89307 b,10:18:21,+12:37:15,0.3454431709819887,6.459601262496538e-05,0.3250750895609308,31.66339273810456,5.1051826449767206e-05,0.0001153871522688
CoRoT-19 b,06:28:08,-00:10:15,2.69612460178206,6.401517526494065e-05,0.462541834102236,0.5332242032892287,1.243908651039012e-05,1.585203292204184e-05
HD 5319 c,00:55:01,+00:47:22,0.4181737860568509,6.332585608883785e-05,0.3908352141232568,21.44263544052427,5.0117375283825915e-05,0.0001596312606684
psi1 Dra B b,17:41:58,+72:09:21,0.2705266599104555,6.28199077491285e-05,0.2561644122232172,24.53044198112634,4.984409680343024e-05,0.0001266082582736
GJ 4276 b,22:25:17,+59:24:45,3.6195351490819343,6.237263823836498e-05,2.3913668589675696,7.221887443637463,3.533757003483115e-05,6.832572441093022e-05
WASP-144 b,21:23:03,-40:02:54,5.806596171084458,6.233129389747933e-05,2.165999245090706,3.4284148647710477,2.3918269596529824e-05,4.5446260140613706e-05
HD 109271 b,12:33:35,-11:37:17,4.404349020541545,6.227873046690223e-05,2.9066835847768493,9.410053680369742,3.5886964290989684e-05,6.582733118412904e-05
Kepler-447 b,19:01:04,+48:33:36,2.3222000625093067,5.96668066028213e-05,1.6570254455077635,8.172122869330758,4.40333697580191e-05,9.090138400910738e-05
HAT-P-52 b,02:50:53,+29:01:20,7.89829588234092,5.833505943717277e-05,2.7453193556453774,4.623088368065897,2.245358591323697e-05,4.143765674884418e-05
HATS-5 b,04:28:53,-21:28:55,0.4589225004656515,5.821652606646132e-05,0.0737364424775194,0.0912678938112375,1.279162348736206e-05,1.297212379287879e-05
HATS-28 b,18:57:36,-49:08:19,1.2678909289920188,5.719946978721027e-05,0.4588484663514185,0.7199616121665433,1.981012878131432e-05,3.1548430786713075e-05
55 Cnc d,08:52:35,+28:19:47,0.2491757290220163,5.7071692180643955e-05,0.2391002788092807,27.85504467123382,4.64906661032888e-05,0.0001297758916508
TOI-5398 c,10:47:31,+36:19:46,6.6990323796938105,5.552522665909674e-05,3.938872470869779,6.941164083112745,2.6467830686584988e-05,5.916981053584379e-05
TOI-620 b,09:28:42,-12:10:02,8.127475899126173,5.389535664494776e-05,3.4698584854204384,5.127924622028685,1.9909697392186123e-05,4.191978549779401e-05
HD 7449 b,01:14:29,-05:02:53,0.6173131541532948,5.270865196760937e-05,0.5854848957591731,43.77216839760882,4.0867894836067285e-05,9.93811171505917e-05
GJ 317 c,08:40:59,-23:27:10,0.1973853229401355,5.265058133470182e-05,0.1873915218843576,14.543943886333857,4.1397795255177544e-05,0.0001013813754761
NGTS-17 b,04:51:36,-34:13:34,1.3608250062107428,5.0780904668090696e-05,0.6652463707874845,1.504592879464508,2.3396029503959972e-05,4.111182074385395e-05
55 Cnc f,08:52:35,+28:19:47,0.5228558377902518,5.0190148396965525e-05,0.4803605908003764,33.743494652130714,3.913101928434211e-05,8.537907416593102e-05
HD 30856 b,04:50:18,-24:22:08,0.461103818608523,4.978520979790784e-05,0.4324996091373865,29.910666779671654,3.966939508276837e-05,0.0001400469098958
TOI-3629 b,23:59:10,+39:18:51,2.853885662191953,4.935473705140153e-05,0.6196713191260859,0.7620598599654329,1.3328968183553429e-05,2.016860974546249e-05
HD 104067 c,11:59:10,-20:21:20,9.974536433813345,4.86646618372597e-05,9.32663734867806,607.8979829624028,3.796042269114194e-05,0.000107998151532
HD 65216 b,07:53:41,-63:38:48,0.4698596071433812,4.777125571682811e-05,0.4355110073535044,25.515754517698515,3.747870018271572e-05,0.0001091085255329
LTT 3780 c,10:18:35,-11:43:04,9.26518901851592,4.651531625981626e-05,1.4986317306345107,1.719568441613898,1.9509329526769437e-05,6.771266468452294e-05
HATS-54 b,13:22:32,-44:41:20,5.874143897236422,4.5092315210448456e-05,1.3008775201768683,1.581567240658706,1.223023567365596e-05,2.0128919386188153e-05
HD 16417 b,02:36:59,-34:34:45,4.343708990132434,4.498107631394554e-05,4.002109564054326,267.3074535849965,3.509829199821161e-05,8.875899722101877e-05
HD 117618 b,13:32:26,-47:16:19,1.7165737480942944,4.4453979543555544e-05,1.5040730815876224,53.56853609199021,3.17810947400565e-05,5.970674662032459e-05
TOI-677 b,09:36:29,-50:27:47,4.114442015974991,4.385922313458005e-05,3.3655725799869423,39.83975154472313,2.663546190608701e-05,2.6722386753471316e-05
K2-30 b,03:29:22,+22:17:58,2.048239936464375,4.294856441144294e-05,0.5466258568817612,0.7791045285816027,1.301908597904157e-05,2.0918907575918097e-05
Kepler-423 b,19:31:25,+46:23:28,1.0205101500268934,4.232276067436144e-05,0.3416611563534785,0.4927116016814044,1.1759997261711913e-05,1.6177247243157003e-05
HD 1690 b,00:21:13,-08:16:52,0.6432457740355435,4.108275776635052e-05,0.607985212299072,51.540121273440214,3.4959913212162894e-05,0.0001753059394139
HD 192310 c,20:15:19,-27:02:02,0.777053961477409,4.104408114914059e-05,0.7377487291317107,72.87483896508284,3.282293103102141e-05,8.856547715463907e-05
TOI-2134 b,18:07:45,+39:04:23,8.537056567568204,4.093489605035567e-05,1.8423139835811817,3.3200244822842446,1.5868302883460826e-05,4.4275350608657035e-05
HD 69830 c,08:18:24,-12:38:11,5.3770205572594305,4.074791836954337e-05,5.089225804869429,403.93182564511847,3.3040501458474085e-05,8.906178506626256e-05
HD 75302 b,08:49:12,+03:29:06,0.3559188498844743,3.996382895846833e-05,0.3395902975310469,30.16592849522863,3.170820177366355e-05,0.0001073323247907
OGLE-TR-132 b,10:50:35,-61:57:26,7.851462061495735,3.88929410999483e-05,3.859905390635936,8.407111643134627,1.9182013405086205e-05,3.59421288650341e-05
HD 102365 b,11:46:29,-40:29:55,2.027097388531907,3.879728605316572e-05,1.919310455122262,190.24599505270143,3.1183723396818456e-05,8.17865196975352e-05
HD 128356 b,14:37:05,-25:48:11,0.4567335963235208,3.754217554154553e-05,0.4214485383505494,22.185826508865023,2.863796722809552e-05,7.368650248652851e-05
HD 156411 b,17:19:51,-48:33:01,0.2420158418061183,3.7494982101703026e-05,0.2204938306275417,10.42303045478276,2.7624068092153062e-05,6.296520458810555e-05
HAT-P-38 b,02:21:32,+32:14:46,1.2626901667011017,3.680237610223401e-05,0.5394204950986787,1.0199188522576264,2.065237417277056e-05,3.9536246770845385e-05
HD 82886 b,09:35:45,+34:46:50,0.4509650318423119,3.6615395735608976e-05,0.4231403330961943,31.491868192719576,2.900357746773065e-05,8.006823960694107e-05
TOI-2015 b,15:28:32,+27:21:40,6.525393786508307,3.543182060000306e-05,0.552128802140655,0.5770568865383456,3.714866987045251e-06,3.958558291387152e-06
TOI-3785 b,08:43:36,+63:04:41,0.9119269421710912,3.542279905076377e-05,0.365525924171511,0.6176098734667914,1.1499415355669912e-05,1.8170523670670687e-05
WASP-132 b,14:30:26,-46:09:34,1.9475978654152903,3.5324730006263734e-05,0.4540573016516644,0.5932107796818928,1.2172485687798556e-05,2.1241038736054873e-05
HD 42012 b,06:09:57,+34:08:03,0.4981873469916607,3.488130512551156e-05,0.4681309131708017,35.61584765084835,2.759595741773454e-05,8.06113395534978e-05
NGTS-25 b,20:29:40,-39:01:56,3.6008042869239025,3.420699925028003e-05,1.01053262390985,1.4526240943860165,1.366655211898628e-05,2.6624112020912424e-05
HD 18143 b,02:55:39,+26:52:21,7.52053613819354,3.331066454657221e-05,4.9350426995594,7.97251600237067,1.7061906756505833e-05,3.724203811972951e-05
HIP 14810 c,03:11:14,+21:05:50,0.954668934940442,3.2861157976035576e-05,0.8737845026777381,45.40512295241926,2.5082387269449095e-05,5.980831014718808e-05
HATS-7 b,13:55:26,-21:12:28,2.795008316503111,3.259013121017593e-05,1.0564280867080689,1.8083485115742608,1.3742475169444688e-05,2.812536029670532e-05
Kepler-94 b,18:44:47,+47:29:50,7.890722790189876,3.2194625962801745e-05,2.57862967394121,3.589988637621392,7.47837818093035e-06,1.0572891167572198e-05
HD 208487 b,21:57:20,-37:45:51,0.4287647015062313,3.21172404927323e-05,0.3749470823458343,13.376760396566224,2.2768744561253753e-05,4.5444086480951856e-05
WASP-185 b,14:16:14,-19:32:32,1.513548185563753,3.136082525918363e-05,0.5237512947413424,0.8010532235026511,9.212842751439153e-06,1.268870347369077e-05
BD-08 2823 b,10:00:47,-09:31:00,8.528176249919536,3.1236551743544316e-05,5.872988075482428,11.137350719377215,1.852312927321703e-05,5.1456138988076416e-05
TOI-5126 b,10:06:38,+18:38:03,4.217053797302173,3.092828348723308e-05,1.7003242402690977,2.4801725205831424,1.0422135225673384e-05,3.834298414394229e-05
DMPP-1 b,05:47:06,-10:37:49,5.793041571520693,3.078842383351062e-05,5.3022035067031155,265.8116167876913,2.3272704735857887e-05,5.1417886611420605e-05
GJ 163 d,04:09:17,-53:22:16,0.8144426130536542,3.077140024817822e-05,0.7664274814885496,56.29783361754158,2.4540054430571092e-05,6.974764670560233e-05
HD 190360 b,20:03:38,+29:53:40,0.2175357898299966,3.0669737472975896e-05,0.2060119807700497,20.74387615681792,2.4590205703481897e-05,6.440460979150481e-05
HD 69830 d,08:18:24,-12:38:11,1.865934706829347,3.052133416828583e-05,1.7790487728543265,143.50763801913584,2.488673291464792e-05,6.658276333726534e-05
HD 150706 b,16:31:18,+79:47:22,0.2406724305796543,2.7461333028958015e-05,0.2293769057793705,25.137761356000155,2.251633152868508e-05,8.327667972692152e-05
HD 153950 b,17:04:31,-43:18:37,0.6646954811316783,2.728193765919049e-05,0.6236254007721119,42.78831915409314,2.09556335269368e-05,5.184455037746819e-05
K2-95 b,08:37:27,+18:58:36,7.687192636729399,2.7026499805630217e-05,3.229109931809081,5.39762346319077,1.1262231340794887e-05,2.2721721966980274e-05
WASP-60 b,23:46:40,+31:09:21,3.981490354426583,2.6574626769953836e-05,2.530009618970265,6.527882750536364,1.5491704686284173e-05,3.221935900096709e-05
K2-36 c,11:17:48,+03:52:00,4.369297121255475,2.6544239196794996e-05,2.6952665754817957,5.556973366438203,1.1117858416516364e-05,2.1470421487227372e-05
HD 79498 b,09:15:09,+23:22:30,0.3384079029463004,2.643554589998948e-05,0.3156168391650884,25.8361989459546,2.099804028192465e-05,5.491791100249549e-05
HD 181433 d,19:25:09,-66:28:04,0.1299186721747815,2.6118776607542305e-05,0.1178947909195806,7.350924207638326,1.9879515910337573e-05,4.3826324093528494e-05
HD 111232 b,12:48:52,-68:25:29,0.5005106642515774,2.602231199309448e-05,0.476204667039568,41.51043889683404,2.0197113860832024e-05,5.073555126715168e-05
HD 217107 c,22:58:16,-02:23:44,0.2344887720372171,2.5664585108674643e-05,0.2251378554988509,22.500044637798087,2.038278932034919e-05,5.901508431699605e-05
GJ 3929 c,15:58:19,+35:24:29,7.515242778042143,2.549350750502846e-05,3.5087286946255833,6.694946818511685,1.44659349410754e-05,3.428991853121949e-05
TOI-4438 b,18:01:16,+35:35:42,6.111019484277383,2.5158873004209615e-05,2.358284318381795,4.407113283409419,9.684791359530244e-06,2.1812930312948968e-05
HAT-P-11 c,19:50:50,+48:04:55,0.3892234280382459,2.500825600419238e-05,0.3711413392385917,39.35707929047235,2.039948677611733e-05,5.788334929987613e-05
HD 224693 b,23:59:54,-22:25:41,1.5479359059267992,2.4795054694518516e-05,1.3296633761385586,46.27569923354907,1.7585716391423527e-05,3.530011699687965e-05
HD 213240 b,22:31:00,-49:26:03,0.568231353261657,2.4621253440159925e-05,0.54069407170184,40.55820329134876,1.909805054524792e-05,4.776794486628457e-05
HD 86264 b,09:56:58,-15:53:43,0.5178214158112528,2.4562657575390352e-05,0.4905869077461973,43.85632293453734,1.9175655085065632e-05,5.1359253937313865e-05
HD 125595 b,14:21:22,-40:23:39,8.777325160741809,2.4432577808240753e-05,5.3488289861659455,9.0537008343176,1.3957653133754126e-05,4.4558187351326926e-05
HD 10697 b,01:44:56,+20:04:58,0.4336382862651192,2.433004158476532e-05,0.4110562211888432,34.58386265564944,1.8959030099406568e-05,4.8263461293895946e-05
BD-11 4672 b,18:33:29,-11:38:13,0.1800984274038012,2.4286137737933693e-05,0.1656884587839031,8.975022978755717,1.8536460767877967e-05,4.7587780929223106e-05
Kepler-44 b,20:00:25,+45:45:44,7.13541234845588,2.4156938350975457e-05,2.5716559537095094,4.144647614953394,7.78636988116338e-06,1.2443893976892909e-05
HD 67087 c,08:07:40,+31:33:04,0.4394214687781942,2.3825848658384957e-05,0.4140298312799598,29.695532914023374,1.863002808897896e-05,5.686016281873663e-05
HD 11506 b,01:52:51,-19:30:27,0.5521787074525325,2.346109622012032e-05,0.5234466433553121,42.400960468861534,1.8410059800395557e-05,5.199072260532323e-05
HD 89345 b,10:18:41,+10:07:44,2.379901582844805,2.325677959321216e-05,2.054699284786793,67.55649852173399,1.5934500787850275e-05,2.2548152073415243e-05
HD 11964 b,01:57:09,-10:14:36,0.1521713332854382,2.322250875951294e-05,0.1415178093353532,7.455182995405203,1.7632398969707616e-05,4.092398839028085e-05
HD 205739 b,21:38:08,-31:44:16,0.7970088436827248,2.3119220044354703e-05,0.731908547580032,34.80008044392739,1.7589817904590265e-05,4.1148077373706976e-05
K2-9 b,11:45:03,+00:00:19,7.20737218794833,2.311327575475297e-05,4.777715108528266,8.498437777358694,1.6560516314008272e-05,4.3683470545224985e-05
HD 117207 b,13:29:21,-35:34:17,0.3283671003193812,2.2488741378234183e-05,0.3127211797504689,25.685683205687393,1.806770064731659e-05,5.167758549119913e-05
HD 103891 b,11:57:45,-08:32:55,0.3824781617698037,2.2391923639063368e-05,0.364414273888494,32.23694642737838,1.768364529336519e-05,4.340825163235467e-05
HD 147873 b,16:25:45,-33:34:02,1.416359737778023,2.2265289100569193e-05,1.3145540805195857,85.81818257756647,1.782684232452151e-05,9.696526203172798e-05
GJ 414 A c,11:11:06,+30:26:43,0.3721211490400469,2.215344850868192e-05,0.3481995294636512,28.15032923177755,1.8729211555029903e-05,6.934419196533644e-05
GJ 9827 d,23:27:05,-01:17:07,6.046500176962047,2.2111645602259585e-05,1.7831016378117948,2.6231882498028156,8.480964787699376e-06,1.7489193061174182e-05
TOI-4010 c,01:20:52,+66:04:20,0.5971662743462021,2.2066441388720267e-05,0.1398671691257978,0.1855626777218181,5.950249789421158e-06,7.8316742706929e-06
47 UMa d,10:59:28,+40:25:50,0.1352144023495223,2.192252392816111e-05,0.1302404316836185,15.284642466986607,1.7734073047014455e-05,5.305383066746427e-05
HD 231701 b,19:32:04,+16:28:28,0.7920057046230038,2.147312458239792e-05,0.7123762617151496,33.22644199343135,1.5802812609539136e-05,3.3340649134064856e-05
NGTS-16 b,03:53:03,-30:48:17,0.6360264347390554,2.0892848265046884e-05,0.2661717071576056,0.6228796924000544,9.642746772126558e-06,1.7680330009071184e-05
rho CrB c,16:01:02,+33:18:01,1.2973293634233678,2.0718200969781023e-05,1.209833806331188,98.12589618098689,1.6393882545784348e-05,3.858943985797456e-05
K2-140 b,12:32:33,-09:36:27,1.9182626033251144,2.0438549781613864e-05,0.714461430566399,1.200309929201957,7.656460512294564e-06,1.2353900954293374e-05
K2-26 b,06:16:50,+24:35:45,7.273402357259892,2.007351320414347e-05,3.9950268127973025,7.10174073133833,1.0879401431143237e-05,2.1493990783416657e-05
HD 16175 b,02:37:02,+42:03:45,0.5698847455604064,1.978988279246525e-05,0.537260120196902,42.07084407816244,1.5419383239683196e-05,3.952988371589885e-05
Kepler-77 b,19:18:26,+44:20:44,1.7428388610464105,1.9620541593701647e-05,0.3206103522433638,0.3769942999483975,4.604979510941809e-06,6.258715038272004e-06
HD 96063 b,11:04:44,-02:30:48,0.4046249885323251,1.951129252852038e-05,0.3741967633004224,27.17791508748111,1.583449000392175e-05,5.7791179377954415e-05
TOI-5005 b,15:52:26,-48:08:42,1.4216020827841296,1.946693377363988e-05,0.5246587901397373,0.7753749025005086,4.394242778033385e-06,6.283297061635701e-06
HD 142 c,00:06:20,-49:04:31,0.2260972615095067,1.9250613037144564e-05,0.2181061441337422,24.776968710437888,1.556998141534298e-05,4.261251647313404e-05
Kepler-426 b,19:17:44,+49:28:24,0.5224921575726285,1.9038744046223975e-05,0.1497664062798666,0.216568692271395,5.101828938521104e-06,6.793998414471135e-06
WASP-56 b,12:13:28,+23:03:20,1.907386181426256,1.864462197992584e-05,0.9701874249753074,1.969071741059698,8.812181955135234e-06,1.559421384419032e-05
HD 189567 b,20:05:35,-67:19:26,8.708462477534868,1.8620860588463235e-05,8.254256724658086,752.4486146720589,1.4732514664167307e-05,3.639009034093541e-05
HD 40307 f,05:54:04,-60:01:25,9.61383462849696,1.8600313327468952e-05,9.27695849402882,979.6762262144756,1.5064091449867923e-05,4.365238993104333e-05
HD 196067 b,20:41:45,-75:21:05,0.3332646554917903,1.811479302990313e-05,0.3201887064690224,33.85295367312618,1.4476338930809664e-05,4.141672639656393e-05
HD 28185 b,04:26:26,-10:33:04,0.6417625301371769,1.7894280153680357e-05,0.5992516759692355,46.19289854104283,1.3863209117787462e-05,3.2133471294402524e-05
TOI-1266 b,13:12:00,+65:50:01,3.612513948217086,1.7425624943203506e-05,1.256559944283047,1.6618081748593667,4.44785022011213e-06,7.644967417530253e-06
BD-210397 c,02:13:13,-21:11:46,0.2720169655547804,1.7280794111646894e-05,0.262004199267662,29.320831520266363,1.4156796608962232e-05,4.7627151046712095e-05
CoRoT-28 b,18:34:45,+05:34:25,2.0021378336899742,1.7216031494145066e-05,0.957294970913696,1.6597782619959809,7.165481963576545e-06,1.1761583826297008e-05
tau Cet e,01:44:02,-15:56:02,6.992669262076735,1.7161199333951798e-05,6.850444515067512,953.6669500530268,1.4135588330604104e-05,5.126009488384422e-05
HD 222237 b,23:39:38,-72:43:31,0.1687660950921368,1.670778029277397e-05,0.1635556385396654,19.51916297709276,1.3453245126912842e-05,4.148667276058188e-05
HD 80606 b,09:22:38,+50:36:14,1.557102001571492,1.623202300172781e-05,1.4506903859910585,83.60985343450906,1.2105752825613914e-05,2.377822524138408e-05
HD 95735 c,11:03:20,+35:58:20,1.116705105981327,1.6216099006623092e-05,1.09280100316062,158.47461254562938,1.3454885462463007e-05,5.076440485563702e-05
GJ 3998 c,17:16:00,+11:03:22,7.427362478278928,1.5971540101501263e-05,3.607240270447361,6.999970339986211,8.608148727748873e-06,1.9084732461496013e-05
HD 168009 b,18:15:32,+45:12:32,8.406196157512888,1.548717027925267e-05,7.981210398537692,621.3637727610477,1.2040072483866231e-05,3.11807605333905e-05
HD 20794 f,03:20:00,-43:04:00,3.428782042665015,1.5337780674917817e-05,3.3566762590136645,531.727516687478,1.267372734818508e-05,4.622547981938154e-05
TOI-1670 c,17:16:04,+72:09:40,1.9458089662618745,1.51675779919427e-05,1.7305743890454517,57.022558654158914,1.0519155235064968e-05,1.6222800203940143e-05
HD 204313 b,21:28:12,-21:43:39,0.4590376580670587,1.4547273793534688e-05,0.4386260555204795,38.8642032065618,1.1739313123182916e-05,3.69431646032971e-05
NGTS-15 b,04:53:25,-32:48:01,3.169416407059624,1.4530682392877314e-05,1.405489419549864,2.7843537202882955,7.546920100146889e-06,1.6999399004481115e-05
HD 72892 b,08:34:53,-14:27:27,2.1064559441643578,1.4138656983895467e-05,1.9329945536949729,114.56335483322272,1.0696040836770076e-05,2.512128099727933e-05
HD 13908 c,02:18:15,+65:35:39,0.6362645782462407,1.4128624331937092e-05,0.6015363613571505,44.89676151921014,1.0878753021908432e-05,2.706908599390911e-05
TOI-2015 c,15:28:32,+27:21:40,9.037849961639177,1.3905237639642522e-05,5.1084909583779154,12.272372878559068,7.012233694299385e-06,1.33004750728292e-05
HD 92788 c,10:42:49,-02:11:05,0.2317138000876047,1.3844349838839057e-05,0.2231155241942483,28.27491963471276,1.1238363228597678e-05,3.957520349318331e-05
CoRoT-16 b,18:34:06,-06:00:09,0.7568458337131672,1.3765352480987507e-05,0.3534926503201619,0.9428574873579224,6.588288682531123e-06,9.89117227191837e-06
HIP 14810 d,03:11:14,+21:05:50,0.1993868510400271,1.37088702750806e-05,0.1806922803324417,8.814605630745321,1.0346613384150262e-05,2.498295820714418e-05
HD 74698 b,08:40:18,-71:52:37,3.85276653691023,1.3550877675019627e-05,3.507099865636751,206.3433266162315,1.018467206772825e-05,2.130059150634929e-05
TOI-4562 b,07:28:02,-63:31:04,1.6704509130446743,1.3355487784276768e-05,1.5345410130652923,92.98027880470872,9.970078776505622e-06,1.7917399376669436e-05
HD 181433 b,19:25:09,-66:28:04,9.246394990323394,1.3235062630875253e-05,4.270715489578422,8.410012255346969,6.253824780806754e-06,1.148949063377763e-05
HD 147873 c,16:25:45,-33:34:02,0.5991822104907928,1.320714419097638e-05,0.5613186386343582,39.39633835107004,1.0658686268235656e-05,4.6933417396093714e-05
HD 30177 b,04:41:55,-58:01:15,0.4700751161173699,1.3136121494125644e-05,0.4465473163045141,41.55964726877086,1.0516998848353958e-05,3.3747635041981715e-05
HD 83443 c,09:37:12,-43:16:22,0.1749591598933385,1.302347362030658e-05,0.1666011334511408,14.01713197754151,1.0549313910688904e-05,3.5603612962748814e-05
HD 191939 b,20:08:06,+66:51:01,4.025964125810445,1.2930420550932024e-05,0.7816142925111715,0.9420111127236526,2.687161460553535e-06,3.5112186605977654e-06
HIP 57274 b,11:44:41,+30:57:28,9.850171040840262,1.2915109554204386e-05,5.967156734153875,9.699738636707297,7.505131257120517e-06,1.8832062319333137e-05
HD 17674 b,02:51:04,+30:17:12,0.2740448523366124,1.253375677249252e-05,0.2514787557982478,15.479037643467391,9.511542315626398e-06,2.0960589582058975e-05
TOI-470 b,06:16:02,-25:01:53,9.186946492386454,1.2258730092225985e-05,8.372366125100115,406.9876677978558,9.053988902865663e-06,1.805174689366812e-05
HD 220689 b,23:25:53,-20:37:00,0.2009660655696785,1.2071026038639029e-05,0.187247664650393,15.284440910084763,9.550183097374842e-06,2.6672612588625525e-05
HD 10180 f,01:37:54,-60:30:41,1.6941620814672302,1.1965475113082926e-05,1.588072654658192,113.83477725241924,9.287975465232946e-06,2.126953921564359e-05
HD 147018 c,16:23:00,-61:41:24,0.534356529155386,1.1933007023618645e-05,0.5080671299719959,41.25834259562221,9.461161460174832e-06,2.83173449726687e-05
HD 44219 b,06:20:14,-10:43:30,0.2346290631293471,1.1873695041557806e-05,0.2116180721278984,8.54269368392377,8.68463878690358e-06,1.701021025378876e-05
HD 68402 b,08:05:23,-74:24:36,0.6328975920713671,1.1791947937357391e-05,0.6033522925717809,48.39546728048896,9.37222826403393e-06,3.130900018923984e-05
HD 191806 b,20:09:29,+52:16:36,0.5432517006971752,1.17728463730762e-05,0.5164662887113395,45.085009464318695,9.212365682447055e-06,2.3008781169302056e-05
HD 185283 b,19:41:18,-56:19:20,0.1735041031415314,1.1735823578878156e-05,0.1641133547160324,13.098473455022347,9.457472434343568e-06,2.759282717745839e-05
HD 12661 c,02:04:34,+25:24:49,0.301079710342659,1.1708984627950464e-05,0.2842819281589406,25.459985836433837,9.28844590740272e-06,2.396419386911624e-05
HD 110113 c,12:40:09,-44:18:43,7.070885638571351,1.15426748953886e-05,6.0012293135524475,29.819205853024386,1.0811524861232196e-05,6.52550139058339e-05
HD 13808 b,02:12:43,-53:44:38,8.928095135689967,1.1463741999546668e-05,8.431441808847195,633.1345077733619,8.998518885050023e-06,2.494331209036227e-05
TOI-421 b,05:27:25,-14:16:36,8.842585814547855,1.138836271454357e-05,2.223291847248883,4.2826147794823015,3.3808895788194834e-06,5.3045430296494844e-06
TOI-4336 A b,13:44:26,-40:20:14,7.596766474411176,1.1239561330769524e-05,2.173192118470787,2.7614112548692145,3.706465205819777e-06,6.795103678380946e-06
HD 65216 c,07:53:41,-63:38:48,0.252343959026559,1.1224070349695478e-05,0.2422984817492569,22.867230896582026,9.122755579368212e-06,2.954472772637892e-05
HD 27631 b,04:19:45,-41:57:38,0.3020087616828372,1.1220947094329758e-05,0.2851065867150775,24.32315678942566,8.97997076304753e-06,2.5688230008842974e-05
HD 50499 c,06:52:02,-33:54:55,0.2293045012424988,1.1212373854959874e-05,0.2196531180247456,21.772835075986514,9.006995333623882e-06,2.4824515851595372e-05
HD 154672 b,17:10:05,-56:27:00,1.0146756957921048,1.114376653077334e-05,0.9456582211139426,58.10134161988029,8.590626377100754e-06,2.2655797093975255e-05
HD 94771 b,10:55:54,-35:06:52,0.1196398704600546,1.0791222638542416e-05,0.1096387835771018,6.360098515244513,8.307517781144299e-06,1.753279505687867e-05
HD 142022 A b,16:10:12,-84:13:54,0.3572973229905598,1.0582242777177706e-05,0.3395161032555694,31.14327485722078,8.375904247912154e-06,2.4758046752028612e-05
NGTS-14 A b,21:54:04,-38:22:39,7.622640345325088,1.0476590762250407e-05,3.053210304137824,5.145702905716627,5.676578062127549e-06,1.547887659591463e-05
HD 152079 b,16:53:30,-46:20:00,0.473764337752104,1.0430932975281389e-05,0.4527595550097424,35.40008269482359,8.35316579073861e-06,2.64125659313935e-05
HIP 54597 b,11:10:26,-29:24:51,0.3672403687438763,1.0303538383024722e-05,0.3523596271047999,35.41154799648614,8.289721555395225e-06,2.7597867924078626e-05
HD 134987 c,15:13:28,-25:18:35,0.1063307862954392,1.0263918106495997e-05,0.1000702869979484,9.134685999799547,8.154100104927545e-06,1.9483959193837032e-05
HD 86728 b,10:01:00,+31:55:19,6.466988361935697,1.002686551637978e-05,6.174707177011989,604.9732876198779,7.963132199368002e-06,2.190263901388881e-05
HD 55696 b,07:12:15,-38:10:29,0.4926441629915116,1.0011853283811668e-05,0.4701370463166386,35.74508969199073,7.746447812503042e-06,2.01453094420346e-05
HD 66428 b,08:03:29,-01:09:49,0.4704099204206937,9.948291814312986e-06,0.4503497647003274,34.57611806841939,7.908269977175587e-06,2.481425593693787e-05
HD 159868 b,17:39:00,-43:08:46,0.3603432423604605,9.791184788545485e-06,0.341566338365778,30.657856315816257,7.75182302964625e-06,2.1023679090547147e-05
rho CrB d,16:01:02,+33:18:01,1.055904529591695,9.57084321535442e-06,1.0043731561933786,96.4505773990135,7.732265887720566e-06,1.9029275551316475e-05
HD 25171 b,03:55:50,-65:11:11,0.2198806383772166,9.4876715981962e-06,0.2050387016976784,13.94577252131012,7.357226156499295e-06,1.6846536949891733e-05
TOI-1062 c,02:32:29,-78:01:25,9.374201407502104,9.483138177010416e-06,5.845838359618927,8.861568991493911,5.039417064326381e-06,1.12945293790969e-05
HD 220773 b,23:26:27,+08:38:34,0.2112623046590407,9.442943620754224e-06,0.2000325494841197,18.55211997129774,7.623729114363422e-06,1.829293908764273e-05
HD 164595 b,18:00:39,+29:34:22,3.932278115614756,9.0578621420132e-06,3.697932496463251,306.93737327873185,7.163916367395067e-06,1.873686524420074e-05
HD 110067 b,12:39:21,+20:01:38,8.566584388532979,8.79784728634865e-06,3.4977637807239663,4.3576606176969666,2.4621890371685967e-06,4.304188509274008e-06
HD 108874 b,12:30:27,+22:52:46,0.4811053750620747,8.663421274950516e-06,0.4445070508936031,29.442148722317324,6.736276231928964e-06,1.5961648617967267e-05
HD 74156 c,08:42:25,+04:34:38,0.3826736678974688,8.640896866104666e-06,0.364869629830069,33.024191965984556,6.831996942416911e-06,1.651269036861835e-05
HD 27894 c,04:20:47,-59:24:35,1.2838789517553617,8.261683566125764e-06,1.1495874609507764,50.861195659323585,6.024998190017241e-06,1.2770939030350009e-05
HD 132563 b,14:58:21,+44:02:34,0.4063155719982179,8.125452163783243e-06,0.3802251384274214,25.943510854454217,6.400623300761552e-06,2.0360268583079393e-05
HD 45350 b,06:28:46,+38:57:46,0.37758164865791,7.837705468547447e-06,0.3554087249482077,29.50495903134226,6.154468034650409e-06,1.523732407089657e-05
HD 25015 b,03:57:44,-20:16:02,0.3059009965586301,7.802600616415748e-06,0.2950216093806512,30.173862349231648,6.3183674120800026e-06,2.112444019162798e-05
BD-11 4672 c,18:33:29,-11:38:13,3.240032450595942,7.652546502468537e-06,3.0648261215606083,289.0989244963962,6.10754613444327e-06,1.8275548044449205e-05
TOI-2443 b,02:40:43,+01:11:59,9.15326529206041,7.530394182014287e-06,8.581383894652395,757.533173680685,5.9014255776389405e-06,1.3415216452577829e-05
tau Cet f,01:44:02,-15:56:02,4.614445069685438,7.526947848249601e-06,4.542732288540699,815.3614300004923,6.304816897571163e-06,2.5299995775916957e-05
HD 28254 b,04:24:51,-50:37:22,0.4143534245600546,7.387151233072401e-06,0.3941978725682512,34.58485244526728,5.8470753378470805e-06,1.4979208597131938e-05
HD 222582 b,23:41:51,-05:59:10,0.5493899990683774,7.347646542776499e-06,0.5206416743424249,40.77091857128469,5.682203161415685e-06,1.4407536575345333e-05
TOI-5126 c,10:06:38,+18:38:03,8.90519686666131,7.219437256575413e-06,8.314474122726383,491.1438309075183,5.5862848139251405e-06,1.7441658338895454e-05
HD 134060 c,15:10:44,-61:25:21,0.4964425380804307,7.13239476946234e-06,0.4721332574743417,46.827464943835174,5.703059827918163e-06,1.5062914524949615e-05
HD 23596 b,03:48:00,+40:31:51,0.4472792353487969,7.125477946811667e-06,0.4274851152530647,43.985716900272614,5.644523912636431e-06,1.478845199875548e-05
HD 108202 b,12:25:51,-01:06:39,0.3120141303000311,7.101154195284693e-06,0.2973420960705238,29.7630826185309,5.7068504038926035e-06,1.641898187242977e-05
K2-312 c,09:21:21,+14:22:04,0.5627611407725129,7.0511142440590235e-06,0.5254075028483347,44.477274523327615,5.498582503674005e-06,1.4752230168265226e-05
HD 73534 b,08:39:16,+12:57:36,0.2001676117261625,7.0414061013205664e-06,0.1875364117687781,15.233913091381922,5.552986708083634e-06,1.5674179434096277e-05
HD 219077 b,23:14:08,-62:42:07,0.2238623610949577,6.984628601890658e-06,0.2156705254100243,27.106820725617307,5.616798621708876e-06,1.6087149971486615e-05
HD 183263 b,19:28:25,+08:21:29,0.511605225639992,6.939755779429921e-06,0.4833725237445588,37.8653627843704,5.376070070657673e-06,1.3056139822700291e-05
HD 166724 b,18:14:00,-42:34:33,0.2718072634387188,6.916697417273234e-06,0.2606498783549725,31.930102827758542,5.646407189760382e-06,1.771046702911789e-05
HD 216520 c,22:47:30,+83:41:51,3.2903565183842054,6.843768801966244e-06,3.1662267197291545,399.68639427881294,5.5530799671863296e-06,1.7825123697106434e-05
GJ 414 A b,11:11:06,+30:26:43,6.001883513235359,6.555524417529975e-06,5.788257654170371,762.8665197991766,5.676722314989533e-06,2.3564063254314804e-05
HD 37605 c,05:40:02,+06:03:34,0.3204800031761442,6.243002823450738e-06,0.3052740866943425,27.784392251713577,4.972476512206426e-06,1.5384331125872788e-05
HD 126525 b,14:27:32,-51:55:58,0.183684115493467,6.104918222090757e-06,0.1677792277195504,9.708196363062807,4.6799215492671e-06,9.720078876764846e-06
HD 171238 b,18:34:44,-28:04:22,0.3798430510923431,5.856457802347125e-06,0.3613088869092931,31.69108859187648,4.679241201269214e-06,1.2522454652165049e-05
HD 93385 d,10:46:15,-41:27:53,7.811636977577617,5.81157541748747e-06,7.474124273531171,721.128159107532,4.677124417206321e-06,1.3367803020368602e-05
HD 98649 b,11:20:52,-23:13:05,0.2680912823330283,5.795325373417078e-06,0.2570038266436828,22.260002385703828,4.5189910809063906e-06,1.2066333523074789e-05
Kepler-94 c,18:44:47,+47:29:50,0.8706552045039492,5.635059103332123e-06,0.8133926859766929,62.3811984137858,4.351527523574308e-06,1.0313746587465118e-05
HD 233832 b,11:26:05,+50:22:35,0.316698640317242,5.488505815213114e-06,0.2989093493816305,24.539647745595225,4.345688273677096e-06,1.2279226842795996e-05
HD 190647 b,20:07:20,-35:32:22,0.3648875047911744,5.399514515660471e-06,0.3454730218221196,27.555510376747073,4.2541247387856385e-06,1.0343458524912836e-05
HD 156668 c,17:17:40,+29:13:41,0.5851077494159082,5.3802860098556044e-06,0.554057130550898,49.4209433789695,4.336044636414311e-06,1.2495153827903354e-05
HD 75784 c,08:52:24,+13:13:59,0.1928013111369004,5.177380207314708e-06,0.1859552737466556,21.895968302716863,4.284335179262423e-06,1.722292314379307e-05
HD 28109 d,04:20:57,-68:06:10,3.198630794238631,4.92447793575086e-06,2.959123753595134,235.21320482560824,3.7901702720896024e-06,6.853298151696744e-06
HD 149806 b,16:37:09,+00:15:17,0.1732081799585835,4.798170233746667e-06,0.1683917832042934,23.103244716225472,3.984011108772917e-06,1.435183774461939e-05
HD 66428 c,08:03:29,-01:09:49,0.1520266374238521,4.7958082229987055e-06,0.1445660764544949,12.538949756553102,3.826659088513451e-06,1.2569821347798076e-05
HD 164922 e,18:02:31,+26:18:37,5.802365252778836,4.617499948961789e-06,5.576526083181579,574.9743102383065,3.679917508450168e-06,1.1076078458124724e-05
K2-19 b,11:39:50,+00:36:13,0.425456135437404,4.529087668847451e-06,0.09030278040091,0.1132662806356014,9.454737262454564e-07,1.1816446222843076e-06
TOI-1386 b,22:18:01,+54:19:09,3.5507716048339004,4.497471882986838e-06,3.2167065972756537,163.2017372615235,3.34661962612364e-06,6.306328434153961e-06
HD 34445 d,05:17:41,+07:21:10,1.319678331488761,4.4799192417134125e-06,1.2345799763979144,92.88203979346964,3.455747822406333e-06,8.173841967296317e-06
HD 110067 d,12:39:21,+20:01:38,8.165109298862857,4.342380976569394e-06,7.775684083169066,547.1402022649515,3.393337377228746e-06,7.702557740834162e-06
HD 108874 c,12:30:27,+22:52:46,0.2198634973087589,4.184634309635716e-06,0.2057400335559777,14.812848894480002,3.314820180324975e-06,8.05262817287565e-06
HD 96700 d,11:07:54,-30:10:30,3.0004937321746663,4.032690013464519e-06,2.886123700231459,323.64872880690024,3.2707276992398853e-06,8.48508224528647e-06
HD 48948 d,06:49:58,+60:20:14,2.938963738399198,3.939556349754735e-06,2.8273845991311526,307.2733542375151,3.2035502122299495e-06,9.21198085699436e-06
HD 154857 c,17:11:16,-56:40:52,0.2277004474739631,3.5966941855263045e-06,0.217776444184393,24.151262257603975,2.8790458255845535e-06,7.632567427125691e-06
HD 222155 b,23:38:01,+48:59:46,0.2019936190649904,3.592757380451064e-06,0.1936150258400269,21.29738977818476,2.898965911310155e-06,7.823835503834635e-06
Kepler-25 d,19:06:33,+39:29:16,1.0433266848447442,3.558177541911665e-06,0.9184875022732376,32.43898545940496,2.588061298747851e-06,4.986543439079496e-06
Kepler-210 c,19:30:01,+43:05:00,7.13543648995036,3.512771499159089e-06,3.088698897337281,4.961940019604228,1.485746971733003e-06,3.446426983283066e-06
HD 187123 c,19:46:58,+34:25:08,0.2348226737654153,3.508631924644963e-06,0.2245806762777459,20.833254177630113,2.7889449732529216e-06,7.732636948191071e-06
Kepler-74 b,19:32:22,+41:21:20,3.4779157384186057,3.4657999293837233e-06,1.3332960935286278,1.816670563083364,1.596164620426254e-06,6.79344356676091e-06
K2-101 b,08:41:23,+18:56:02,9.742891557532284,3.442080739248744e-06,7.34468639556431,426.1536124407915,2.586714066122837e-06,3.9762873858460206e-06
HD 103197 b,11:52:53,-50:17:34,1.9715686431743755,3.2089038623935693e-06,1.8152472530663863,115.90531793317712,2.518180017129633e-06,5.71325574143658e-06
TOI-2202 b,03:24:55,-73:57:27,6.402724029956706,3.183305471259589e-06,1.544369722894135,1.9306410489934176,9.762358628322585e-07,1.898016152823231e-06
HD 136352 d,15:21:46,-48:19:08,4.42719230502525,3.1262940452523437e-06,4.300107691847482,482.6064213419123,2.495086461092493e-06,7.2932583591701795e-06
K2-3 b,11:29:20,-01:27:18,8.387739130014236,3.050873311370466e-06,1.6578328724398794,1.9260707249015177,1.098913151668094e-06,2.5344796297816917e-06
OGLE-TR-111 b,10:53:18,-61:24:21,2.0769561838978436,2.9505814729697264e-06,0.7813677862389312,1.091627250147989,1.103675129876614e-06,2.2591626503254175e-06
HD 75898 c,08:53:51,+33:03:24,0.2814321446950739,2.8493389609416227e-06,0.2699539434663375,29.625937788607057,2.290198382886406e-06,6.147031769428235e-06
Kepler-444 b,19:19:01,+41:37:55,3.5871582466308336,2.8380737260683765e-06,0.9848647778179512,1.2311089651634397,6.066154972396214e-07,7.716947341520059e-07
HD 16905 b,02:40:03,-61:21:18,0.2028620006024867,2.818338153365707e-06,0.1961203204284379,21.369158723541037,2.315708200740581e-06,7.5414830675792e-06
HD 2039 b,00:24:20,-56:39:00,0.5052927624856449,2.790776436340081e-06,0.481020174240702,38.542164105922744,2.221105757727878e-06,7.246601801474618e-06
HD 106515 A b,12:15:06,-07:15:27,0.2585495421718963,2.7856786693853397e-06,0.2492661134696884,29.82192501234021,2.2312046960469875e-06,6.255027921408187e-06
HD 13931 b,02:16:48,+43:46:20,0.2363723833800149,2.712317049369152e-06,0.2268381147091956,18.583617073890174,2.144388619403494e-06,5.931733511394014e-06
TIC 139270665 b,08:16:08,+33:17:29,5.783179442936675,2.6804489415440427e-06,5.404485665304052,345.4843710762242,2.0762199242839314e-06,4.942234607860167e-06
K2-24 c,16:10:18,-24:59:26,0.8652680473529476,2.521493030011844e-06,0.7311921851322927,17.542236272060382,1.6295471771593535e-06,2.440246471927996e-06
HD 110067 f,12:39:21,+20:01:38,5.564834865180562,2.4876252145782193e-06,5.2883918888023675,482.0769901922025,1.9490902877623573e-06,4.816547559127901e-06
HD 191939 f,20:08:06,+66:51:01,0.2927494019121044,2.4509154238785945e-06,0.2802769927934125,25.446565009646974,1.924754743626013e-06,5.095735749672564e-06
HD 181234 b,19:20:00,-09:19:30,0.2361948890095303,2.3873695781059047e-06,0.2277920114582605,23.60087903119168,1.924997574958356e-06,5.847416764909511e-06
HD 18143 c,02:55:39,+26:52:21,0.1382915118496167,2.338977126031357e-06,0.1345490106668131,18.219738801571474,1.9224154046827594e-06,6.285161144008146e-06
TOI-2180 b,18:31:46,+56:39:02,0.9553474090076334,2.335937924033793e-06,0.9037287765074388,69.43746051692098,1.7898958709078898e-06,4.002894760651679e-06
Kepler-25 b,19:06:33,+39:29:16,9.58923873159423,2.285471556703535e-06,3.880074572573147,6.550101096479251,3.950243206667079e-07,5.11267804392724e-07
TOI-1288 c,20:52:40,+65:36:32,0.3276294091728918,2.2565673103437056e-06,0.2942943127993371,14.830216122563254,1.690852134046785e-06,3.628531940086932e-06
HR 5183 b,13:46:57,+06:21:00,0.1291865891616788,2.154666329768386e-06,0.1255607727007195,16.522652962024647,1.7686827240603931e-06,5.7948530003408596e-06
HD 219415 b,23:14:54,+56:43:49,0.2147690022365584,2.0998754457027373e-06,0.2011392922519913,15.706043486719842,1.6750630109150382e-06,5.890491677659272e-06
Kepler-444 c,19:19:01,+41:37:55,4.8772242385465745,2.052713975198892e-06,1.3603308442738382,1.770786464338311,4.769270851881736e-07,5.98264051640993e-07
TOI-178 e,00:29:12,-30:27:15,5.03638709259115,2.02611713573521e-06,2.2681495341387747,4.105710655506622,7.879669806221192e-07,1.7555216749235802e-06
Kepler-25 c,19:06:33,+39:29:16,4.351004036159871,1.831965526010509e-06,3.8629747463412354,116.0573332707913,1.2454529525986469e-06,1.914792096158613e-06
HD 3167 c,00:34:58,+04:22:51,7.138283843258934,1.724527595537845e-06,6.799763902961913,654.6026664674368,1.3662991020291151e-06,3.5610931931504312e-06
TIC 172900988 b,08:34:39,+31:33:14,1.2692980357380756,1.706431246452036e-06,1.197875122477854,94.07395115290916,1.3085779617180648e-06,2.751206272736514e-06
TOI-4010 d,01:20:52,+66:04:20,3.462985570234238,1.7056994604480802e-06,3.078784282902274,134.6848533622337,1.197135992114224e-06,2.0363934485578432e-06
TOI-178 g,00:29:12,-30:27:15,4.588933755211019,1.7051576448656256e-06,4.251790849427461,269.95393966671674,1.3069923608642611e-06,2.64428652290144e-06
HD 108236 e,12:26:18,-51:21:47,7.75279085333125,1.6511039459001616e-06,7.336667874569828,728.9161589850171,1.3217702532211431e-06,2.953099666101932e-06
TOI-561 c,09:52:44,+06:12:58,3.016975921759669,1.6508724542926918e-06,0.7644646557627399,0.9367469022677248,3.355949344329085e-07,4.315063685970378e-07
EPIC 211945201 b,09:06:18,+19:24:07,3.270145988214862,1.6227962727922549e-06,2.91504490223869,107.29453168683446,1.1264733253552857e-06,1.795405254240863e-06
TOI-125 c,01:34:22,-66:40:35,5.616490706946481,1.5857283013746498e-06,1.870938508469212,2.8713715348164985,4.907500709943811e-07,8.150827920867805e-07
TOI-1260 d,10:28:35,+65:51:15,8.658469660773363,1.539200063741589e-06,8.191355874300397,745.8885135979629,1.1939897818930705e-06,2.898344693531232e-06
K2-138 e,23:15:48,-10:51:00,7.850679220075952,1.4454285955104015e-06,2.5623257122859577,4.134759970142811,4.763453042710038e-07,1.2932077949850386e-06
TOI-4127 b,07:01:37,+72:24:54,1.8947569587664312,1.441132459988588e-06,1.7312080830221068,105.40485667074326,1.0907395410794743e-06,2.0735607424672564e-06
TIC 139270665 c,08:16:08,+33:17:29,0.5683429610149495,1.421734747180113e-06,0.5352440189123171,33.56775067041221,1.127891590429241e-06,3.6561589806238606e-06
TOI-220 b,06:07:12,-61:59:50,9.429788064182569,1.4140281934260608e-06,1.693469764368288,2.5747815329339847,2.929579384525633e-07,3.582336015739752e-07
HD 133131 B b,15:03:36,-27:50:30,0.1935209573873684,1.4097866212379418e-06,0.186037614937125,24.005149612956163,1.1363438253664217e-06,3.239719759411663e-06
HD 191939 d,20:08:06,+66:51:01,2.050656141323304,1.356732331645085e-06,1.8788905491388403,103.7609189115174,9.858533133887457e-07,1.807018083375558e-06
NGTS-20 b,03:05:10,-21:56:01,2.028376080479987,1.2693861542175914e-06,1.864024954149576,106.22986497681732,9.641297544830827e-07,3.3730494126531097e-06
K2-24 b,16:10:18,-24:59:26,2.987902663852332,1.268472693589029e-06,2.690879852655787,120.66041649797788,9.157302158981334e-07,1.5153893283777964e-06
HD 27894 d,04:20:47,-59:24:35,0.2203923906544411,1.2474469856175342e-06,0.213050134883777,26.01858820274391,1.010329447714727e-06,2.800912851426371e-06
HD 137496 c,15:26:58,-16:30:32,0.6171346651874288,1.0879103883062149e-06,0.5810108069072868,43.39228030497287,8.461656205333481e-07,2.030246130820985e-06
HD 220197 b,23:21:59,+16:37:56,0.1746286794332911,1.0414320163623996e-06,0.1625362031614979,9.68407818108022,8.009676146085335e-07,1.8427738292623257e-06
KOI-142 b,19:24:36,+40:40:10,2.976642692491171,1.0165544326835897e-06,0.8099237387593821,1.0367261448150655,3.752373255124383e-07,1.6675953199933268e-06
Kepler-138 c,19:21:32,+43:17:35,7.105696605682596,9.875443204358392e-07,2.3019525591347154,3.056356713594516,3.982305312085391e-07,1.146743268404048e-06
HD 88986 b,10:16:28,+28:40:55,5.862271740138766,9.855523470646044e-07,5.721013682051072,798.2752654051801,7.940801354760497e-07,2.490575097728287e-06
Kepler-114 d,19:36:29,+48:21:00,1.179450819571454,9.306450845566172e-07,0.6746256827277733,1.809879533437164,4.223489297411647e-07,8.066812585040672e-07
TOI-2525 c,05:47:24,-60:31:17,1.866887127157576,9.076894088865322e-07,1.6627320507939558,96.98202372340526,6.74481389887887e-07,1.5065497154624282e-06
WASP-47 d,22:04:49,-12:01:09,8.095731465517154,8.961161536620041e-07,1.091875581101374,1.1593743264065477,1.8319803722854685e-07,2.2896185838038746e-07
HD 73267 c,08:36:18,-34:27:34,0.1716051183323622,8.887679662517249e-07,0.1668462127102759,25.191767697596408,7.338105671748934e-07,2.3414328108970794e-06
HD 3167 e,00:34:58,+04:22:51,4.8182179512449395,8.488209989216692e-07,4.649396987270686,506.0601833877882,6.909709826330367e-07,2.2185163829219034e-06
Kepler-88 d,19:24:36,+40:40:10,0.6531345891714889,8.485335511984194e-07,0.6164218583580736,49.2234609770393,6.736973823668828e-07,2.1928784982431365e-06
TOI-5076 b,03:22:02,+17:14:21,6.351659224446287,8.416563085628176e-07,6.023561210742473,514.8178262510787,6.480790619149622e-07,1.4329274803167734e-06
K2-138 f,23:15:48,-10:51:00,4.348578498805193,8.339604587652781e-07,3.872053701859299,165.5007168828645,5.974976626598701e-07,1.1245469970502512e-06
K2-99 c,13:55:06,-05:26:33,0.6381762740164969,7.883266177894513e-07,0.5983168928105995,37.08734820516322,6.02479647793118e-07,1.4225640856087946e-06
WASP-132 d,14:30:26,-46:09:34,0.4185283579606552,7.763323794515674e-07,0.3993783353555403,38.228862188859445,6.167440115426392e-07,1.80120544119423e-06
CoRoT-24 b,06:47:41,-03:43:09,0.82800305798859,7.683422726664868e-07,0.407995237631901,1.0214305683043938,3.631822544384299e-07,5.658274797146559e-07
Kepler-80 b,19:44:27,+39:58:43,8.307698379979369,5.872753373006428e-07,2.6295568276125927,3.485668993992636,1.8821464959339287e-07,5.150976306985013e-07
KELT-6 c,13:03:56,+30:38:25,0.4042819681330553,5.76329716582259e-07,0.3825124750321035,31.110734608995525,4.486067031418409e-07,1.0983686040058445e-06
Kepler-80 c,19:44:27,+39:58:43,5.3399964971747,5.75268587800978e-07,1.9214508980158032,2.7371839504962656,1.9816899634247346e-07,5.487121590821945e-07
Kepler-32 e,19:51:22,+46:34:28,9.153648170732096,5.529451628565505e-07,3.70748039808454,3.462490753462646,2.925655908573122e-07,8.724398968211068e-07
Kepler-444 f,19:19:01,+41:37:55,7.304250358969805,5.435047501639365e-07,2.212996711495319,2.7869037941847647,1.290473304036917e-07,1.552130648294769e-07
Kepler-444 e,19:19:01,+41:37:55,7.446122636443471,5.383867181443059e-07,5.482829214703362,9.497000491013576,1.5422257998915676e-07,3.252495508926187e-07
TOI-125 d,01:34:22,-66:40:35,9.966945572580826,4.670251727553022e-07,9.51285350925283,807.2383682337536,3.6689621498226987e-07,9.524896171526304e-07
K2-38 c,16:00:08,-23:11:22,8.074703276251821,4.474741181173769e-07,2.8207970121309396,5.274206173103645,1.4219382942816546e-07,2.1908420845272513e-07
K2-19 c,11:39:50,+00:36:13,1.1367749403797145,4.422829689426938e-07,0.3581267345212766,0.481783983779424,1.0892637563083875e-07,1.368092768023781e-07
TOI-1246 d,16:44:28,+70:25:48,3.764449824236821,4.333950875861111e-07,3.412412187271839,180.89644894752337,3.180532295435938e-07,5.828981091990684e-07
Kepler-26 b,18:59:46,+46:34:00,2.37336746165955,4.1898434302074626e-07,0.7429834020343904,1.039825899529542,1.6121737848083956e-07,5.106630237945158e-07
Kepler-83 b,18:48:56,+43:39:56,0.7319901711221038,3.982202144206945e-07,0.3718306058941527,1.1490127668539605,1.939834770482062e-07,2.92341008320962e-07
Kepler-28 b,19:28:33,+42:25:46,2.095001298473559,3.627619232235769e-07,1.008203163686987,1.6334701927661155,1.1957352167026693e-07,2.427114696153792e-07
K2-12 b,11:32:46,+02:14:41,6.901269764779237,2.989141106097271e-07,3.407669721211581,6.957104754921072,1.1066735492154243e-07,1.759841984862367e-07
Kepler-114 b,19:36:29,+48:21:00,7.684534407804756,2.949254323774185e-07,3.958648608956527,8.57752152292993,1.564975308324182e-07,4.672664565404165e-07
Kepler-49 c,19:29:11,+40:35:31,9.551218152492057,2.686690625937956e-07,1.8469357703784297,2.319451580945337,9.561268918195282e-08,3.281382013178059e-07
K2-111 c,03:59:34,+21:17:55,6.829046510117518,2.668772918109467e-07,6.477426165728308,588.2620341555355,2.1186552742538898e-07,5.10096098812469e-07
TOI-1246 e,16:44:28,+70:25:48,5.447788613351921,2.586005060344964e-07,5.149308801688592,403.1710834580587,2.044509224400905e-07,5.012749034448318e-07
TOI-4504 c,07:37:52,-62:04:42,1.5409823762285753,2.547898113779794e-07,1.4309201384331025,91.95451075547862,1.893787406263783e-07,3.945212346598845e-07
Kepler-159 b,19:48:17,+40:52:07,8.788005558590704,2.497663769188293e-07,3.2250694403475126,6.292755555142831,1.1459755885536809e-07,3.454921601396698e-07
K2-32 c,16:49:42,-19:32:35,6.0153985083644965,2.425937683526565e-07,5.644311091085076,429.10703073330177,1.859369081649275e-07,4.056492770635233e-07
Kepler-1513 b,19:19:10,+39:17:07,0.642659381893819,2.285993754990855e-07,0.5824449037180603,33.328010945914365,1.6648892002949875e-07,3.3612075481413954e-07
EPIC 249893012 c,15:13:00,-16:43:29,5.384023321012543,2.261060845175923e-07,5.022395881610257,351.9994366338958,1.765862564328471e-07,4.563609740662244e-07
Kepler-26 c,18:59:46,+46:34:00,6.604005709953704,2.237263765843973e-07,5.8154102720869805,539.6770758338887,1.7295842478522978e-07,3.750981423127854e-07
Kepler-159 c,19:48:17,+40:52:07,6.721577242347835,2.207773468862133e-07,6.327355739260082,566.4895052269275,1.7533212897427094e-07,4.412066653079615e-07
Kepler-32 c,19:51:22,+46:34:28,7.660456491662602,2.0502749384414707e-07,2.4329723070899503,1.8870458233347271,9.544312855241237e-08,2.8948017873114733e-07
Kepler-28 c,19:28:33,+42:25:46,3.840696664099858,1.83242821697747e-07,1.870813144366356,3.2233401328666753,6.475154217579597e-08,1.8525709835177785e-07
Kepler-81 c,19:34:33,+42:49:29,5.257120738980641,1.6064934822991237e-07,3.72040309439884,8.543583808649812,8.860799041444389e-08,2.626554994841706e-07
Kepler-49 e,19:29:11,+40:35:31,1.4029143246049922,1.403013794238588e-07,1.0544308454433338,131.10673441322382,1.1153269648197022e-07,1.7803397116094358e-07
Kepler-54 b,19:39:06,+43:03:22,0.5897737334446662,1.0398964818932069e-07,0.3126323087090182,1.31960706247218,5.974551705259203e-08,9.290450452066596e-08
Kepler-231 c,19:35:54,+50:31:55,9.417952662430933,9.904907499430256e-08,8.170659332118849,181.8992104134624,7.182248073546314e-08,1.51329753792185e-07
CoRoT-24 c,06:47:41,-03:43:09,3.833678985397227,9.419796870631328e-08,2.789860096198959,6.917724965257757,4.2063882603279795e-08,7.469621412140358e-08
Kepler-155 c,19:13:59,+51:04:55,9.748216391996015,9.266821355448993e-08,9.33561181468454,1051.620977578365,7.340430682086312e-08,1.821593833541143e-07
Kepler-167 e,19:30:38,+38:20:44,0.6093446342959468,9.070186796019493e-08,0.5848804013406036,56.99759566277136,7.198173189676759e-08,1.942711662660896e-07
Kepler-117 c,19:15:10,+48:02:25,2.2963264276589537,5.953131004229284e-08,2.126258700094597,117.10550498891064,4.4627936943862055e-08,8.467345489449875e-08
Kepler-1654 b,18:48:45,+44:26:04,0.496996698513837,4.979002537836916e-08,0.4704312687909282,32.49482151881849,3.7762713853521554e-08,8.393685499946173e-08
Kepler-117 b,19:15:10,+48:02:25,1.6314548982956327,4.8604403771077156e-08,1.375114279497724,31.79297679603803,3.067613168891967e-08,4.2886496451840895e-08
Kepler-296 d,19:06:10,+49:26:14,9.927388323982424,4.4829890830210896e-08,9.318558203049337,434.3501407193924,3.6015971682765244e-08,6.609918985094878e-08
Kepler-963 b,19:47:01,+45:02:28,8.568736181404498,4.0539179871771336e-08,3.5962140839513808,7.917088542057174,2.159456177930732e-08,6.438879419736085e-08
Kepler-225 c,19:28:47,+47:27:25,9.067871918194848,4.021168567496313e-08,6.795286715787252,247.5635745595688,3.0269524811918183e-08,6.084398553807864e-08
Kepler-125 c,19:53:02,+47:36:18,9.427262035167386,3.1915676053510706e-08,2.852558685197871,3.4967014734105284,1.6242493353711326e-08,4.185520103262393e-08
Kepler-235 d,19:04:19,+39:16:42,7.789041773708174,2.7928746225625543e-08,6.87650892508302,420.3399810444095,2.2358420022245073e-08,2.3886178711550805e-08
Kepler-309 c,19:50:02,+46:57:41,6.59712855626616,2.2688344518418662e-08,6.324845538968161,652.6831026778848,1.818439336587769e-08,5.0603082623063744e-08
Kepler-252 c,19:42:19,+44:32:45,9.188204659947472,1.958651507807087e-08,3.05483024695637,4.625594420688261,8.849278512765963e-09,2.0270151475181305e-08
Kepler-158 b,18:56:08,+39:46:54,7.920912239638338,1.7989714157375998e-08,6.777833491094151,185.4904881964372,1.430355673848218e-08,2.6260838610235706e-08
Kepler-54 c,19:39:06,+43:03:22,2.5161116516224,1.5717007550205805e-08,1.3889176453626535,4.6928526192086135,9.918116103523724e-09,2.224455857602498e-08
Kepler-235 e,19:04:19,+39:16:42,9.191000496152649,1.4027800565306226e-08,8.859176895032762,1052.7695187334775,1.1113951946599952e-08,3.2292051214541364e-08
Kepler-69 b,19:33:03,+44:52:08,8.068117562526243,1.3100620792579122e-08,4.58068387747888,9.601721597290556,9.046306176268956e-09,2.3068588607855775e-08
Kepler-129 c,19:01:15,+47:50:55,8.133106702246078,1.2171879317625041e-08,7.915797401153418,966.4668348202924,9.752127791555781e-09,2.7815932208014653e-08
Kepler-158 c,18:56:08,+39:46:54,9.25199103980482,6.494010382491308e-09,8.86392819181403,1026.0420690046865,5.3176900411373905e-09,1.5430764034531434e-08
